date,open,high,low,close,volume,changed,changep,adjclose,tradeval,tradevol
2019-06-17,185.01,189.50,184.4105,189.01,29459881,7.68,4.24%,189.01,5516612036.22,206432
2019-06-14,180.51,181.8398,180.00,181.33,16773691,3.86,2.18%,181.33,3035069004.55,134256
2019-06-13,175.53,178.03,174.606,177.47,12253569,2.43,1.39%,177.47,2167115557.09,90493
2019-06-12,178.38,179.27,172.88,175.04,17699806,-3.06,-1.72%,175.04,3103173511.74,129364
2019-06-11,178.48,179.98,176.79,178.10,15266644,3.28,1.88%,178.10,2722970119.62,119429
2019-06-10,174.75,177.86,173.80,174.82,14767918,1.47,0.85%,174.82,2595191837.71,115343
2019-06-07,170.17,173.87,168.84,173.35,16917343,5.02,2.98%,173.35,2916490637.91,120276
2019-06-06,168.30,169.70,167.23,168.33,12446354,0.16,0.10%,168.33,2097554317.73,98724
2019-06-05,167.48,168.72,164.63,168.17,19758317,0.67,0.40%,168.17,3300568034.34,152165
2019-06-04,163.71,168.28,160.84,167.50,46044256,3.35,2.04%,167.50,7574889323.55,317050
2019-06-03,175.00,175.05,161.01,164.15,56059609,-13.32,-7.51%,164.15,9306268451.00,420495
2019-05-31,180.28,180.54,177.16,177.47,15226536,-5.54,-3.03%,177.47,2714808231.91,118587
2019-05-30,183.08,183.48,180.89,183.01,8581544,0.82,0.45%,183.01,1564623702.37,78799
2019-05-29,183.50,184.56,181.35,182.19,12797685,-2.12,-1.15%,182.19,2337366974.40,109338
2019-05-28,181.54,184.7119,181.4537,184.31,14843308,3.25,1.79%,184.31,2729564808.04,93659
2019-05-24,182.33,183.63,180.83,181.06,8807701,0.19,0.11%,181.06,1604543739.98,68497
2019-05-23,182.42,183.90,179.67,180.87,12768835,-4.45,-2.40%,180.87,2315772744.92,111338
2019-05-22,184.73,186.74,183.61,185.32,9213801,0.50,0.27%,185.32,1710572395.34,66576
2019-05-21,184.57,185.70,183.885,184.82,7502820,2.10,1.15%,184.82,1386867346.13,66868
2019-05-20,181.88,184.23,181.37,182.72,10351981,-2.58,-1.39%,182.72,1892739249.50,87800
2019-05-17,184.84,187.58,184.28,185.30,10485370,-1.69,-0.90%,185.30,1949480851.89,83275
2019-05-16,185.05,188.575,185.05,186.99,12953111,0.72,0.39%,186.99,2424007978.25,96145
2019-05-15,180.42,187.28,180.02,186.27,16746904,5.54,3.07%,186.27,3102892297.33,133954
2019-05-14,182.52,183.49,178.10,180.73,17628142,-0.81,-0.45%,180.73,3187993370.32,140628
2019-05-13,183.50,185.43,180.84,181.54,16833347,-6.80,-3.61%,181.54,3077257082.20,144331
2019-05-10,188.25,190.00,184.59,188.34,12578508,-0.31,-0.16%,188.34,2353968389.41,109972
2019-05-09,187.20,189.77,186.26,188.65,12967033,-0.89,-0.47%,188.65,2439098388.62,102467
2019-05-08,189.39,190.72,188.55,189.54,12505737,-0.23,-0.12%,189.54,2372208824.50,94503
2019-05-07,192.54,192.90,187.85,189.77,16253001,-4.11,-2.12%,189.77,3086078856.06,123811
2019-05-06,191.24,194.28,190.55,193.88,13994932,-1.59,-0.81%,193.88,2701975084.81,106493
2019-05-03,194.38,196.16,193.71,195.47,14575434,2.94,1.53%,195.47,2847029055.55,107783
2019-05-02,193.00,194.00,189.75,192.53,13209452,-0.50,-0.26%,192.53,2535825065.54,104855
2019-05-01,194.78,196.1769,193.01,193.03,15996646,-0.37,-0.19%,193.03,3112861473.60,109406
2019-04-30,194.19,197.39,192.28,193.40,23494689,-1.38,-0.71%,193.40,4572987283.25,150586
2019-04-29,190.95,195.41,190.65,194.78,19641310,3.29,1.72%,194.78,3810677372.84,138800
2019-04-26,192.50,192.90,189.09,191.49,22075002,-1.77,-0.92%,191.49,4220407292.69,162107
2019-04-25,196.98,198.48,192.12,193.26,54148789,10.68,5.85%,193.26,10536601779.53,352319
2019-04-24,184.49,185.14,181.65,182.58,37289871,-1.20,-0.65%,182.58,6825543954.22,270000
2019-04-23,182.74,184.22,181.48,183.78,19954814,2.34,1.29%,183.78,3653229408.89,141264
2019-04-22,178.25,181.665,178.25,181.44,13389889,3.16,1.77%,181.44,2416460493.88,93790
2019-04-18,178.80,178.88,177.34,178.28,11655608,-0.50,-0.28%,178.28,2076247429.14,73068
2019-04-17,179.60,180.74,178.36,178.78,9973732,-0.09,-0.05%,178.78,1787143377.87,69225
2019-04-16,179.00,180.17,178.30,178.87,11215193,-0.78,-0.43%,178.87,2011892182.52,82694
2019-04-15,178.50,180.50,176.87,179.65,10834762,0.55,0.31%,179.65,1940095680.95,80103
2019-04-12,178.00,179.63,177.95,179.10,12329812,1.59,0.90%,179.10,2206883470.66,86287
2019-04-11,178.24,178.40,177.00,177.51,8070967,-0.31,-0.17%,177.51,1433963493.05,56843
2019-04-10,178.18,178.79,176.54,177.82,11701479,0.24,0.14%,177.82,2077283856.40,81758
2019-04-09,175.62,179.19,175.55,177.58,19751031,2.65,1.51%,177.58,3513372548.62,128460
2019-04-08,175.21,175.50,174.23,174.93,7297379,-0.79,-0.45%,174.93,1275219402.98,60254
2019-04-05,176.88,177.00,175.10,175.72,9594133,-0.30,-0.17%,175.72,1686073883.24,75074
2019-04-04,176.02,178.00,175.5301,176.02,17847731,2.48,1.43%,176.02,3155341770.23,132912
2019-04-03,174.50,177.96,172.95,173.54,27590058,-0.66,-0.38%,173.54,4833173580.66,192745
2019-04-02,170.14,174.90,169.55,174.20,23946529,5.50,3.26%,174.20,4148514931.22,164106
2019-04-01,167.83,168.90,167.2789,168.70,10381490,2.01,1.21%,168.70,1746896343.31,80806
2019-03-29,166.39,167.19,164.81,166.69,13455454,1.14,0.69%,166.69,2237236264.44,76904
2019-03-28,164.57,166.72,163.33,165.55,10689171,-0.32,-0.19%,165.55,1768092183.55,78088
2019-03-27,167.85,168.94,164.79,165.87,10620299,-1.81,-1.08%,165.87,1767913616.83,84882
2019-03-26,167.35,169.45,166.3499,167.68,15437920,1.39,0.84%,167.68,2592627395.72,110500
2019-03-25,163.00,166.54,162.00,166.29,12631230,1.95,1.19%,166.29,2080011018.11,93138
2019-03-22,165.65,167.42,164.09,164.34,16389185,-1.74,-1.05%,164.34,2709891788.11,121105
2019-03-21,164.89,166.39,163.75,166.08,16223007,0.64,0.39%,166.08,2679020734.83,115327
2019-03-20,161.50,166.12,161.24,165.44,20211474,3.87,2.40%,165.44,3315328604.23,133290
2019-03-19,161.48,163.82,160.82,161.57,25611488,1.10,0.69%,161.57,4155982125.24,159613
2019-03-18,163.57,163.90,159.28,160.47,37524191,-5.51,-3.32%,160.47,6042354619.81,239965
2019-03-15,167.16,167.58,162.51,165.98,37126000,-4.19,-2.46%,165.98,6146900066.36,211064
2019-03-14,169.76,171.15,168.16,170.17,18037364,-3.20,-1.85%,170.17,3065043900.55,126243
2019-03-13,172.32,174.03,172.12,173.37,11973280,1.45,0.84%,173.37,2074497161.92,86093
2019-03-12,172.09,173.80,171.2178,171.92,12155264,-0.15,-0.09%,171.92,2092661980.07,93185
2019-03-11,171.60,174.30,171.58,172.07,18883983,2.47,1.46%,172.07,3264891798.26,122335
2019-03-08,166.20,169.62,165.97,169.60,13184831,0.47,0.28%,169.60,2218196664.85,93861
2019-03-07,171.50,171.74,167.61,169.13,18306504,-3.38,-1.96%,169.13,3102311498.99,130533
2019-03-06,172.90,173.57,171.27,172.51,21531723,1.25,0.73%,172.51,3710761854.30,152700
2019-03-05,167.37,171.88,166.55,171.26,28187890,3.89,2.32%,171.26,4791594870.83,190078
2019-03-04,163.90,167.50,163.83,167.37,18894689,5.09,3.14%,167.37,3134394951.06,145956
2019-03-01,162.60,163.132,161.69,162.28,11097770,0.83,0.51%,162.28,1800885277.62,78731
2019-02-28,162.37,163.50,160.86,161.45,11114185,-1.36,-0.84%,161.45,1795919081.38,81942
2019-02-27,162.90,163.93,160.41,162.81,12697485,-1.32,-0.80%,162.81,2060044359.73,96551
2019-02-26,164.335,166.24,163.80,164.13,13784063,-0.49,-0.30%,164.13,2272540409.01,102637
2019-02-25,163.07,166.07,162.90,164.62,18737106,2.73,1.69%,164.62,3088680483.30,122752
2019-02-22,160.58,162.41,160.31,161.89,15858468,1.85,1.16%,161.89,2561714026.04,97312
2019-02-21,161.93,162.24,159.59,160.04,15607828,-2.52,-1.55%,160.04,2503641544.39,112851
2019-02-20,162.25,163.72,161.25,162.56,11770692,0.27,0.17%,162.56,1912981585.92,88112
2019-02-19,160.50,164.15,160.33,162.29,14345390,-0.21,-0.13%,162.29,2333684662.21,88084
2019-02-15,164.51,164.70,160.86,162.50,15504415,-1.45,-0.88%,162.50,2517084362.40,112218
2019-02-14,163.19,164.8697,162.2468,163.95,12755151,-0.12,-0.07%,163.95,2087297157.26,89934
2019-02-13,165.38,166.22,163.73,164.07,14205146,-0.97,-0.59%,164.07,2345018699.11,100968
2019-02-12,166.86,168.34,164.50,165.04,16292290,-0.75,-0.45%,165.04,2709972159.34,106621
2019-02-11,167.90,168.30,165.08,165.79,12811176,-1.54,-0.92%,165.79,2129643948.06,77652
2019-02-08,164.47,167.37,164.21,167.33,12561422,0.95,0.57%,167.33,2083687776.94,86629
2019-02-07,168.20,169.24,165.25,166.38,17517609,-4.11,-2.41%,166.38,2921937654.18,123289
2019-02-06,171.20,172.47,169.27,170.49,13281161,-0.67,-0.39%,170.49,2265389944.12,91648
2019-02-05,169.15,171.98,168.69,171.16,22556985,1.91,1.13%,171.16,3850898568.64,137148
2019-02-04,165.70,169.30,163.62,169.25,20036470,3.54,2.14%,169.25,3365554718.42,133261
2019-02-01,165.84,169.10,165.66,165.71,30806513,-0.98,-0.59%,165.71,5145377706.08,195419
2019-01-31,165.60,171.68,165.00,166.69,77233602,16.27,10.82%,166.69,12996744808.26,514917
2019-01-30,146.22,150.95,145.6953,150.42,44613240,6.23,4.32%,150.42,6625994407.68,279926
2019-01-29,148.09,148.10,143.43,144.19,17631953,-3.28,-2.22%,144.19,2547825231.04,122616
2019-01-28,148.05,148.96,146.21,147.47,15508483,-1.54,-1.03%,147.47,2284234225.47,103156
2019-01-25,147.48,149.83,146.54,149.01,22250954,3.18,2.18%,149.01,3311204471.96,121150
2019-01-24,144.64,146.44,142.52,145.83,20955518,1.53,1.06%,145.83,3034910828.06,146639
2019-01-23,148.28,148.80,143.055,144.30,20098415,-3.27,-2.22%,144.30,2912213825.77,143301
2019-01-22,149.20,151.53,146.37,147.57,22378694,-2.47,-1.65%,147.57,3328209141.90,151741
2019-01-18,149.75,152.43,148.55,150.04,31029612,1.74,1.17%,150.04,4662901310.03,181225
2019-01-17,146.95,149.00,146.50,148.30,15787914,0.76,0.52%,148.30,2336057510.92,111417
2019-01-16,149.00,149.6499,146.9975,147.54,18025714,-1.41,-0.95%,147.54,2665521687.86,129594
2019-01-15,146.01,150.68,145.99,148.95,24068822,3.56,2.45%,148.95,3589269507.13,165891
2019-01-14,142.00,146.57,141.27,145.39,20520278,1.59,1.11%,145.39,2961313699.18,129456
2019-01-11,143.15,145.36,142.57,143.80,12908031,-0.40,-0.28%,143.80,1856490071.92,92919
2019-01-10,143.08,144.56,140.84,144.20,16125004,-0.03,-0.02%,144.20,2308349486.24,111329
2019-01-09,142.95,144.70,141.27,144.23,22205879,1.70,1.19%,144.23,3186450926.96,151159
2019-01-08,139.89,143.14,139.54,142.53,26263793,4.48,3.25%,142.53,3724161198.95,174194
2019-01-07,137.56,138.87,135.91,138.05,20089337,0.10,0.07%,138.05,2764363566.02,134495
2019-01-04,134.01,138.00,133.75,137.95,29002059,6.21,4.71%,137.95,3964262210.63,170261
2019-01-03,134.69,137.17,131.12,131.74,22717948,-3.94,-2.90%,131.74,3023672300.70,153288
2019-01-02,128.99,137.51,128.56,135.68,28146193,4.59,3.50%,135.68,3791697474.13,195611
2018-12-31,134.45,134.64,129.95,131.09,24625308,-2.11,-1.58%,131.09,3227281954.09,162423
2018-12-28,135.34,135.92,132.20,133.20,22627569,-1.32,-0.98%,133.20,3030109876.08,167173
2018-12-27,132.44,134.99,129.67,134.52,31202509,0.34,0.25%,134.52,4132857531.10,219284
2018-12-26,126.00,134.24,125.89,134.18,39723370,10.12,8.16%,134.18,5186769321.80,253790
2018-12-24,123.10,129.74,123.02,124.06,22066002,-0.89,-0.71%,124.06,2789218780.51,173772
2018-12-21,133.39,134.90,123.42,124.95,56901491,-8.45,-6.33%,124.95,7272344561.55,349478
2018-12-20,130.70,135.57,130.00,133.40,40297944,0.16,0.12%,133.40,5367702058.49,300041
2018-12-19,141.21,144.91,132.50,133.24,57404894,-10.42,-7.25%,133.24,7862569859.36,395991
2018-12-18,141.08,145.93,139.8301,143.66,24709084,3.47,2.48%,143.66,3553189481.03,184166
2018-12-17,143.08,144.92,138.42,140.19,24333959,-3.87,-2.69%,140.19,3447649230.14,155004
2018-12-14,143.34,146.01,142.51,144.06,21785820,-0.95,-0.66%,144.06,3143787178.24,159380
2018-12-13,145.57,145.85,143.19,145.01,18148610,0.51,0.35%,145.01,2621170494.05,128179
2018-12-12,143.08,147.19,142.51,144.50,23696936,2.42,1.70%,144.50,3443695327.80,165599
2018-12-11,143.88,143.88,141.10,142.08,20300349,0.23,0.16%,142.08,2889384239.38,154099
2018-12-10,139.60,143.05,139.01,141.85,26422173,4.43,3.22%,141.85,3727119095.17,189041
2018-12-07,139.25,140.87,136.6566,137.42,21195460,-2.21,-1.58%,137.42,2932912833.02,152026
2018-12-06,133.82,139.70,133.67,139.63,28218145,1.70,1.23%,139.63,3866657715.92,206168
2018-12-04,140.73,143.39,137.16,137.93,30307400,-3.16,-2.24%,137.93,4249977697.82,187165
2018-12-03,143.00,143.6799,140.76,141.09,24819226,0.48,0.34%,141.09,3529534435.50,158113
2018-11-30,138.26,140.966,137.36,140.61,25732577,1.93,1.39%,140.61,3600741358.14,135599
2018-11-29,135.92,139.99,135.66,138.68,24238713,1.92,1.40%,138.68,3344690069.00,167961
2018-11-28,136.28,136.7899,131.85,136.76,29847505,1.76,1.30%,136.76,4017491096.54,205433
2018-11-27,135.75,136.6126,133.71,135.00,20750318,-1.38,-1.01%,135.00,2802885413.15,131131
2018-11-26,133.00,137.00,132.78,136.38,24263640,4.65,3.53%,136.38,3286346185.64,161962
2018-11-23,133.65,134.50,131.2551,131.73,11886128,-3.09,-2.29%,131.73,1573439161.77,95517
2018-11-21,134.40,137.19,134.13,134.82,25469735,2.39,1.80%,134.82,3458003227.42,187286
2018-11-20,127.03,134.1592,126.85,132.43,41939475,0.88,0.67%,132.43,5509882071.56,305552
2018-11-19,137.61,137.75,131.21,131.55,44362729,-7.98,-5.72%,131.55,5910602009.12,344351
2018-11-16,141.07,141.77,137.77,139.53,37250560,-4.32,-3.00%,139.53,5192758683.96,247107
2018-11-15,142.33,144.84,140.83,143.85,30320280,-0.37,-0.26%,143.85,4324519713.35,226028
2018-11-14,143.70,145.58,141.55,144.22,22068384,2.06,1.45%,144.22,3169237514.60,166082
2018-11-13,142.00,144.88,141.62,142.16,15141710,0.61,0.43%,142.16,2163427007.78,122062
2018-11-12,144.48,145.04,140.4899,141.55,18542123,-3.41,-2.35%,141.55,2629010280.97,143040
2018-11-09,146.75,147.76,144.07,144.96,17326898,-2.91,-1.97%,144.96,2520465205.27,128027
2018-11-08,150.49,150.94,146.74,147.87,24145814,-3.66,-2.42%,147.87,3568697874.51,163540
2018-11-07,151.57,153.01,149.83,151.53,21877372,1.59,1.06%,151.53,3307026912.47,137230
2018-11-06,149.31,150.97,148.00,149.94,16667124,1.26,0.85%,149.94,2493379833.13,105932
2018-11-05,150.10,150.19,147.44,148.68,15969849,-1.67,-1.11%,148.68,2370498653.66,105267
2018-11-02,151.80,154.13,148.96,150.35,24708695,-1.40,-0.92%,150.35,3725979215.53,167110
2018-11-01,151.52,152.75,149.35,151.75,25640786,-0.04,-0.03%,151.75,3871882479.71,180391
2018-10-31,155.00,156.40,148.96,151.79,60101251,5.57,3.81%,151.79,9197695496.18,382932
2018-10-30,139.935,146.64,139.7419,146.22,50528278,4.13,2.91%,146.22,7246841978.99,386108
2018-10-29,148.50,148.83,139.03,142.09,31336784,-3.28,-2.26%,142.09,4516587756.47,235473
2018-10-26,145.82,149.00,143.80,145.37,31303341,-5.58,-3.70%,145.37,4571677216.09,230728
2018-10-25,147.73,152.21,147.00,150.95,22105696,4.91,3.36%,150.95,3314592540.56,161678
2018-10-24,154.28,154.65,145.60,146.04,27744597,-8.35,-5.41%,146.04,4143097867.81,201159
2018-10-23,151.22,154.77,150.85,154.39,19095032,-0.39,-0.25%,154.39,2919836943.76,140169
2018-10-22,154.76,157.34,154.46,154.78,15424658,0.73,0.47%,154.78,2399830684.38,112791
2018-10-19,155.86,157.35,153.55,154.05,19761347,-0.87,-0.56%,154.05,3064811948.63,128079
2018-10-18,158.51,158.66,153.28,154.92,21675084,-4.50,-2.82%,154.92,3370150912.59,157672
2018-10-17,159.56,160.49,157.95,159.42,17592003,0.64,0.40%,159.42,2800518702.27,125014
2018-10-16,155.40,159.46,155.01,158.78,19180095,5.26,3.43%,158.78,3018937497.21,134440
2018-10-15,153.32,155.57,152.55,153.52,15433521,-0.22,-0.14%,153.52,2379001313.79,117568
2018-10-12,156.73,156.89,151.2998,153.74,25293492,0.39,0.25%,153.74,3888137064.41,211030
2018-10-11,150.13,154.81,149.16,153.35,35338901,1.97,1.30%,153.35,5395875731.71,289148
2018-10-10,156.82,157.69,151.31,151.38,30609970,-6.52,-4.13%,151.38,4719513373.61,245502
2018-10-09,157.69,160.59,157.42,157.90,18844425,0.65,0.41%,157.90,2996866747.36,140764
2018-10-08,155.54,158.34,154.39,157.25,24045968,-0.08,-0.05%,157.25,3764433080.73,162753
2018-10-05,159.21,160.90,156.20,157.33,25744047,-1.52,-0.96%,157.33,4071877526.49,168682
2018-10-04,161.46,161.46,157.35,158.85,25739635,-3.58,-2.20%,158.85,4092409509.75,183269
2018-10-03,160.00,163.66,159.53,162.43,23109456,3.10,1.95%,162.43,3741290773.94,159747
2018-10-02,161.58,162.28,158.67,159.33,36030977,-3.11,-1.91%,159.33,5760315277.95,242816
2018-10-01,163.03,165.88,161.26,162.44,26407677,-2.02,-1.23%,162.44,4304260898.83,187802
2018-09-28,168.33,168.79,162.56,164.46,34265638,-4.38,-2.59%,164.46,5647877506.30,233374
2018-09-27,167.55,171.77,167.21,168.84,27266856,1.89,1.13%,168.84,4628938558.44,203474
2018-09-26,164.30,169.30,164.21,166.95,25252231,2.04,1.24%,166.95,4225238795.56,186308
2018-09-25,161.99,165.59,161.15,164.91,27622806,-0.50,-0.30%,164.91,4519730750.54,224621
2018-09-24,161.03,165.70,160.88,165.41,19222775,2.48,1.52%,165.41,3160328358.99,162396
2018-09-21,166.64,167.25,162.81,162.93,45994800,-3.09,-1.86%,162.93,7555306385.33,195652
2018-09-20,164.50,166.45,164.4722,166.02,18936038,2.96,1.82%,166.02,3135909598.26,171174
2018-09-19,160.08,163.44,159.48,163.06,19628996,2.76,1.72%,163.06,3171463852.01,176910
2018-09-18,159.39,161.7639,158.8656,160.30,22465236,-0.28,-0.17%,160.30,3605089606.72,186536
2018-09-17,161.92,162.06,159.77,160.58,21005321,-1.74,-1.07%,160.58,3375331504.06,173385
2018-09-14,161.715,162.84,160.34,162.32,21770405,0.96,0.59%,162.32,3522724551.65,173269
2018-09-13,162.00,163.32,160.86,161.36,25453775,-0.64,-0.40%,161.36,4116208200.15,205945
2018-09-12,163.25,164.49,161.80,162.00,24078118,-3.94,-2.37%,162.00,3914010814.65,193389
2018-09-11,163.94,167.19,163.72,165.94,20457088,1.76,1.07%,165.94,3396871088.42,144531
2018-09-10,163.51,165.01,162.16,164.18,20197680,1.14,0.70%,164.18,3308341850.78,146704
2018-09-07,160.31,164.6269,160.16,163.04,24300600,0.51,0.31%,163.04,3953552873.78,194936
2018-09-06,166.98,166.98,160.00,162.53,41514834,-4.65,-2.78%,162.53,6770378577.05,322852
2018-09-05,169.49,171.125,166.67,167.18,31226744,-3.98,-2.33%,167.18,5256507111.12,237152
2018-09-04,173.50,173.89,168.80,171.16,29808971,-4.57,-2.60%,171.16,5099469197.97,234522
2018-08-31,177.15,177.62,174.9815,175.73,18065159,-1.91,-1.08%,175.73,3174356375.00,135915
2018-08-30,175.90,179.7901,175.70,177.64,24216532,1.74,0.99%,177.64,4317517444.68,172775
2018-08-29,176.295,176.79,174.75,175.90,18678301,-0.36,-0.20%,175.90,3281033697.08,127667
2018-08-28,178.10,178.2399,175.83,176.26,15910675,-1.20,-0.68%,176.26,2815268103.72,118276
2018-08-27,175.99,178.67,175.79,177.46,17921935,2.815,1.61%,177.46,3179537746.73,143929
2018-08-24,173.70,174.82,172.92,174.645,14631556,1.745,1.01%,174.645,2547898032.54,108660
2018-08-23,173.09,175.55,172.83,172.90,18053567,-0.74,-0.43%,172.90,3144761595.66,129957
2018-08-22,172.21,174.24,172.13,173.64,16894083,1.02,0.59%,173.64,2924527680.19,119613
2018-08-21,172.81,174.17,171.39,172.62,19578514,0.12,0.07%,172.62,3386642503.33,145975
2018-08-20,174.04,174.57,170.91,172.50,21518006,-1.30,-0.75%,172.50,3710284682.61,162992
2018-08-17,174.50,176.22,172.04,173.80,24893176,-0.90,-0.52%,173.80,4319476171.86,188497
2018-08-16,180.42,180.50,174.01,174.70,31351784,-4.83,-2.69%,174.70,5542280277.01,222231
2018-08-15,179.34,180.87,174.78,179.53,33020231,-1.58,-0.87%,179.53,5880527602.01,234350
2018-08-14,180.71,181.99,178.62,181.11,19101995,1.06,0.59%,181.11,3450862349.03,123214
2018-08-13,180.10,182.61,178.90,180.05,17423264,-0.21,-0.12%,180.05,3152885906.52,134655
2018-08-10,182.04,182.10,179.42,180.26,21500410,-2.83,-1.55%,180.26,3882383021.23,168508
2018-08-09,185.8492,186.57,182.48,183.09,19732120,-2.09,-1.13%,183.09,3639923717.18,144206
2018-08-08,184.75,186.85,183.76,185.18,22205230,1.37,0.75%,185.18,4118646311.57,154710
2018-08-07,186.50,188.30,183.72,183.81,33398562,-1.88,-1.01%,183.81,6199878065.23,244881
2018-08-06,178.97,185.79,178.38,185.69,49716192,7.91,4.45%,185.69,9097834739.81,339644
2018-08-03,177.69,178.85,176.15,177.78,24763434,1.41,0.80%,177.78,4399461036.16,193450
2018-08-02,170.68,176.79,170.27,176.37,32399954,4.72,2.75%,176.37,5646937859.93,215710
2018-08-01,173.93,175.08,170.90,171.65,34042109,-0.93,-0.54%,171.65,5880745768.42,240213
2018-07-31,170.67,174.24,170.00,172.58,40356471,1.52,0.89%,172.58,6959206264.11,301574
2018-07-30,175.30,175.30,166.56,171.06,65280787,-3.83,-2.19%,171.06,11052548714.07,509265
2018-07-27,179.87,179.93,173.00,174.89,60073749,-1.37,-0.78%,174.89,10560919778.59,462018
2018-07-26,174.89,180.13,173.75,176.26,169803668,-41.24,-18.96%,176.26,29960215726.54,1312878
2018-07-25,215.715,218.62,214.27,217.50,64592585,2.83,1.32%,217.50,14008391433.07,450086
2018-07-24,215.11,216.20,212.60,214.67,28468681,3.76,1.78%,214.67,6107673469.33,206150
2018-07-23,210.58,211.62,208.80,210.91,16731969,0.97,0.46%,210.91,3522701870.28,126734
2018-07-20,208.85,211.50,208.50,209.94,16241508,1.85,0.89%,209.94,3411476538.95,108185
2018-07-19,208.77,209.99,207.76,208.09,11350429,-1.27,-0.61%,208.09,2366869568.73,86241
2018-07-18,209.82,210.99,208.44,209.36,15334907,-0.63,-0.30%,209.36,3216365721.80,109164
2018-07-17,204.90,210.46,204.84,209.99,15349892,2.76,1.33%,209.99,3199392863.61,121162
2018-07-16,207.50,208.72,206.84,207.23,11078209,-0.09,-0.04%,207.23,2300083775.29,88267
2018-07-13,207.81,208.43,206.45,207.32,11503401,0.40,0.19%,207.32,2384851309.83,92938
2018-07-12,203.43,207.08,203.19,206.92,15454706,4.38,2.16%,206.92,3181141849.74,125939
2018-07-11,202.22,204.50,201.75,202.54,12927377,-1.00,-0.49%,202.54,2627572149.24,102989
2018-07-10,204.50,204.91,202.26,203.54,13190067,-1.20,-0.59%,203.54,2686106560.64,107546
2018-07-09,204.93,205.80,202.1201,204.74,18149437,1.51,0.74%,204.74,3706441453.02,143551
2018-07-06,198.45,203.64,197.70,203.23,19740131,4.78,2.41%,203.23,3979898714.21,140700
2018-07-05,194.74,198.65,194.03,198.45,19684193,5.72,2.97%,198.45,3865464818.50,146947
2018-07-03,194.55,195.40,192.52,192.73,13489514,-4.63,-2.35%,192.73,2611666535.79,108486
2018-07-02,193.37,197.45,192.22,197.36,13961578,3.04,1.56%,197.36,2723451233.44,112102
2018-06-29,197.32,197.5997,193.955,194.32,15811602,-1.91,-0.97%,194.32,3089715088.96,114750
2018-06-28,195.18,197.34,193.26,196.23,18172439,0.39,0.20%,196.23,3552370073.61,154298
2018-06-27,199.18,200.75,195.80,195.84,18734408,-3.16,-1.59%,195.84,3721295250.88,147075
2018-06-26,197.60,199.10,196.23,199.00,17897576,2.65,1.35%,199.00,3541915363.82,143041
2018-06-25,200.00,200.00,193.11,196.35,25275137,-5.39,-2.67%,196.35,4952159235.29,219941
2018-06-22,201.16,202.24,199.31,201.74,17420188,0.24,0.12%,201.74,3502150466.94,117410
2018-06-21,202.76,203.39,200.09,201.50,19045717,-0.50,-0.25%,201.50,3845757800.56,146955
2018-06-20,199.10,203.55,198.805,202.00,28230933,4.51,2.28%,202.00,5696644282.94,213141
2018-06-19,196.2352,197.96,193.79,197.49,19993996,-0.82,-0.41%,197.49,3920739120.67,137601
2018-06-18,194.80,199.58,194.13,198.31,16826023,2.46,1.26%,198.31,3332773988.66,124365
2018-06-15,195.79,197.07,194.64,195.85,21860931,-0.96,-0.49%,195.85,4281983298.59,112168
2018-06-14,193.10,197.28,192.91,196.81,19120866,4.40,2.29%,196.81,3742867109.42,136582
2018-06-13,192.74,194.50,191.91,192.41,15853821,0.01,0.01%,192.41,3061235731.26,112519
2018-06-12,192.17,193.28,191.56,192.40,11562704,0.86,0.45%,192.40,2224203892.10,90189
2018-06-11,188.81,192.60,188.80,191.54,12928907,2.44,1.29%,191.54,2471469447.38,102614
2018-06-08,187.53,189.4754,186.43,189.10,12677092,0.92,0.49%,189.10,2391614856.12,95538
2018-06-07,190.75,190.97,186.77,188.18,21503171,-3.16,-1.65%,188.18,4046437732.51,168277
2018-06-06,191.0252,192.53,189.11,191.34,22558920,-1.60,-0.83%,191.34,4297237549.25,157382
2018-06-05,194.30,195.00,192.62,192.94,15544294,-0.34,-0.18%,192.94,3011106330.98,107964
2018-06-04,191.84,193.98,191.47,193.28,18939795,-0.71,-0.37%,193.28,3654660628.09,136942
2018-06-01,193.065,194.5492,192.07,193.99,17307245,2.21,1.15%,193.99,3348366438.02,133588
2018-05-31,187.87,192.72,187.48,191.78,30782631,4.11,2.19%,191.78,5880303893.94,184121
2018-05-30,186.54,188.00,185.25,187.67,13736866,1.93,1.04%,187.67,2570431142.90,110987
2018-05-29,184.34,186.81,183.71,185.74,16398937,0.82,0.44%,185.74,3041122387.37,135308
2018-05-25,186.02,186.33,184.45,184.92,10965061,-1.01,-0.54%,184.92,2031237571.64,77874
2018-05-24,185.88,186.80,185.03,185.93,12354742,-0.97,-0.52%,185.93,2298108116.85,84348
2018-05-23,182.50,186.91,182.18,186.90,16628100,3.10,1.69%,186.90,3074654048.82,101801
2018-05-22,184.93,185.42,183.43,183.80,12731419,-0.69,-0.37%,183.80,2346349837.92,80983
2018-05-21,183.77,185.30,183.13,184.49,13532864,1.81,0.99%,184.49,2495255423.50,82209
2018-05-18,183.49,184.19,182.61,182.68,13130451,-1.08,-0.59%,182.68,2404511659.72,75864
2018-05-17,182.68,184.06,182.22,183.76,14840675,0.56,0.31%,183.76,2721117336.95,92845
2018-05-16,183.6952,184.32,182.66,183.20,16975495,-1.12,-0.61%,183.20,3113589986.74,116451
2018-05-15,184.88,185.29,183.20,184.32,15429433,-2.32,-1.24%,184.32,2840531150.91,113499
2018-05-14,187.71,187.86,186.20,186.64,15646744,-0.35,-0.19%,186.64,2924826031.50,106446
2018-05-11,184.85,188.32,184.18,186.99,21207848,1.46,0.79%,186.99,3955425807.21,140352
2018-05-10,183.15,186.1292,182.50,185.53,21071403,2.87,1.57%,185.53,3894925977.20,153304
2018-05-09,179.67,183.01,178.7807,182.66,23282811,3.74,2.09%,182.66,4223567666.06,145149
2018-05-08,178.25,179.04,177.11,178.92,15577211,0.95,0.53%,178.92,2775484087.89,111084
2018-05-07,177.35,179.50,177.17,177.97,18697195,1.36,0.77%,177.97,3335749003.28,126849
2018-05-04,173.08,176.98,173.06,176.61,17677844,2.59,1.49%,176.61,3108788734.50,128097
2018-05-03,175.13,176.12,172.12,174.02,24026071,-2.05,-1.16%,174.02,4183983134.15,171709
2018-05-02,174.246,178.08,174.20,176.07,30424450,2.21,1.27%,176.07,5373360415.90,211912
2018-05-01,172.00,174.02,170.23,173.86,26025932,1.86,1.08%,173.86,4475513142.26,162353
2018-04-30,173.79,175.72,171.71,172.00,20750478,-1.59,-0.92%,172.00,3598110640.69,135784
2018-04-27,176.81,177.10,172.60,173.59,29804657,-0.57,-0.33%,173.59,5200100469.60,200181
2018-04-26,173.22,176.27,170.80,174.16,77556934,14.47,9.06%,174.16,13483816107.11,500130
2018-04-25,160.1448,161.06,156.19,159.69,41083581,0.00,0.00%,159.69,6539419434.48,269705
2018-04-24,165.43,166.10,158.19,159.69,35079926,-6.15,-3.71%,159.69,5658002501.22,241860
2018-04-23,167.27,168.45,165.09,165.84,23088102,-0.44,-0.26%,165.84,3847663044.00,146996
2018-04-20,167.79,168.43,165.81,166.28,19119438,-1.82,-1.08%,166.28,3193328840.67,123042
2018-04-19,166.20,168.33,165.20,168.10,22234961,1.74,1.05%,168.10,3709487582.49,135481
2018-04-18,166.88,168.12,165.77,166.36,20969568,-2.30,-1.36%,166.36,3498757700.16,142962
2018-04-17,165.83,169.00,165.66,168.66,22743029,3.83,2.32%,168.66,3816869219.68,152344
2018-04-16,165.7249,165.78,163.39,164.83,18119435,0.31,0.19%,164.83,2985431856.70,116244
2018-04-13,164.58,165.7036,163.77,164.52,19990561,0.65,0.40%,164.52,3293828623.58,125934
2018-04-12,166.98,167.45,163.10,163.87,38262956,-2.45,-1.47%,163.87,6296129004.12,236713
2018-04-11,165.36,168.65,163.25,166.32,56144633,1.28,0.78%,166.32,9330839040.84,326227
2018-04-10,157.93,165.98,157.01,165.04,58947041,7.11,4.50%,165.04,9554970270.12,359645
2018-04-09,157.82,160.53,156.04,157.93,34915227,0.73,0.46%,157.93,5550790072.89,214589
2018-04-06,157.73,161.42,156.81,157.20,41644812,-2.14,-1.34%,157.20,6615312368.37,269130
2018-04-05,161.56,161.575,156.65,159.34,41449609,4.24,2.73%,159.34,6599208124.09,262462
2018-04-04,152.025,155.56,150.51,155.10,49885584,-1.01,-0.65%,155.10,7641805845.45,290776
2018-04-03,156.55,157.39,150.81,156.11,42543865,0.72,0.46%,156.11,6580297718.85,266330
2018-04-02,157.81,159.20,154.111,155.39,36795991,-4.40,-2.75%,155.39,5737580589.02,254424
2018-03-29,155.15,161.42,154.14,159.79,59434293,6.76,4.42%,159.79,9420752134.33,356837
2018-03-28,151.65,155.88,150.80,153.03,60029170,0.81,0.53%,153.03,9206349105.12,417849
2018-03-27,156.31,162.85,150.75,152.22,79116995,-7.84,-4.90%,152.22,12398096188.27,509379
2018-03-26,160.82,161.10,149.02,160.06,126116634,0.67,0.42%,160.06,19531106754.56,830307
2018-03-23,165.44,167.10,159.02,159.39,53609706,-5.50,-3.34%,159.39,8716480475.93,374667
2018-03-22,166.13,170.27,163.72,164.89,73742979,-4.50,-2.66%,164.89,12274301902.71,466065
2018-03-21,164.80,173.40,163.30,169.39,106598834,1.24,0.74%,169.39,18028417577.06,635422
2018-03-20,167.47,170.20,161.95,168.15,129851768,-4.41,-2.56%,168.15,21514261901.67,908389
2018-03-19,177.01,177.17,170.06,172.56,88140060,-12.53,-6.77%,172.56,15260125233.66,597185
2018-03-16,184.49,185.33,183.41,185.09,24403438,1.23,0.67%,185.09,4507869469.11,100084
2018-03-15,183.24,184.00,182.19,183.86,15645035,-0.33,-0.18%,183.86,2864872656.35,108955
2018-03-14,182.60,184.25,181.85,184.19,16821728,2.31,1.27%,184.19,3080690675.09,120498
2018-03-13,185.61,185.99,181.11,181.88,18067477,-2.88,-1.56%,181.88,3302175552.98,133212
2018-03-12,185.23,186.10,184.22,184.76,15301229,-0.47,-0.25%,184.76,2832509927.58,111229
2018-03-09,183.91,185.51,183.21,185.23,18526292,2.89,1.58%,185.23,3421574905.75,129140
2018-03-08,183.56,184.40,181.45,182.34,17225946,-1.37,-0.75%,182.34,3144789131.73,111723
2018-03-07,178.74,183.82,178.07,183.71,19097293,3.93,2.19%,183.71,3469824557.67,132234
2018-03-06,181.78,182.38,179.11,179.78,15086784,-0.62,-0.34%,179.78,2725105125.03,111263
2018-03-05,176.20,181.1475,175.89,180.40,16189280,3.78,2.14%,180.40,2900827083.28,127472
2018-03-02,173.29,177.11,172.99,176.62,20025905,0.68,0.39%,176.62,3499157320.67,141938
2018-03-01,179.01,180.12,174.41,175.94,23201626,-2.38,-1.33%,175.94,4102670858.09,175026
2018-02-28,182.30,182.88,178.14,178.32,18783039,-3.14,-1.73%,178.32,3393574293.63,127503
2018-02-27,184.45,184.70,181.46,181.46,15849806,-3.47,-1.88%,181.46,2899867128.52,119376
2018-02-26,184.58,185.66,183.2228,184.93,17599703,1.64,0.89%,184.93,3249702915.54,118000
2018-02-23,179.90,183.39,179.51,183.29,19007288,4.30,2.40%,183.29,3459240122.91,134266
2018-02-22,178.70,180.21,177.41,178.99,18464192,1.08,0.61%,178.99,3304381896.95,124306
2018-02-21,176.71,181.27,176.40,177.91,23200804,1.90,1.08%,177.91,4155942364.71,159749
2018-02-20,175.77,177.95,175.11,176.01,21204921,-1.35,-0.76%,176.01,3741746524.13,147551
2018-02-16,178.99,179.88,176.30,177.36,21015610,-2.60,-1.44%,177.36,3743577102.69,142020
2018-02-15,180.50,180.50,176.84,179.96,20922120,0.44,0.25%,179.96,3742129922.91,153329
2018-02-14,173.45,179.81,173.2119,179.52,28929704,6.37,3.68%,179.52,5128727472.13,201834
2018-02-13,175.62,175.97,173.10,173.15,21809350,-3.26,-1.85%,173.15,3802251827.78,164057
2018-02-12,177.06,177.545,171.84,176.41,32092133,0.30,0.17%,176.41,5628916707.54,231709
2018-02-09,174.76,176.90,167.18,176.11,39887626,4.53,2.64%,176.11,6901179630.36,314209
2018-02-08,181.01,181.84,171.4815,171.58,38478321,-8.60,-4.77%,171.58,6779520080.07,297654
2018-02-07,184.15,185.0817,179.95,180.18,27601886,-5.13,-2.77%,180.18,5035240931.29,212992
2018-02-06,178.57,185.77,177.74,185.31,37758505,4.05,2.23%,185.31,6871623542.16,299132
2018-02-05,186.93,190.61,180.61,181.26,33128206,-9.02,-4.74%,181.26,6170945242.80,267238
2018-02-02,192.04,194.21,189.98,190.28,26677484,-2.81,-1.46%,190.28,5114231613.51,186093
2018-02-01,188.22,195.32,187.89,193.09,54211293,6.20,3.32%,193.09,10452191378.73,370533
2018-01-31,188.37,189.83,185.22,186.89,43275144,-0.23,-0.12%,186.89,8127007390.13,272422
2018-01-30,183.01,188.18,181.84,187.12,20858556,1.14,0.61%,187.12,3883577114.68,146252
2018-01-29,188.75,188.84,185.6301,185.98,20453172,-4.02,-2.12%,185.98,3830513944.67,137135
2018-01-26,187.75,190.00,186.81,190.00,17759212,2.52,1.34%,190.00,3348134843.74,102719
2018-01-25,187.95,188.62,186.60,187.48,17377740,0.93,0.50%,187.48,3261230539.55,122031
2018-01-24,189.89,190.66,186.52,186.55,24334548,-2.80,-1.48%,186.55,4580094270.52,153307
2018-01-23,186.05,189.55,185.55,189.35,25678781,3.98,2.15%,189.35,4824208749.02,170066
2018-01-22,180.80,185.39,180.41,185.37,21059464,4.08,2.25%,185.37,3868432211.57,131755
2018-01-19,180.85,182.37,180.1702,181.29,26826540,1.49,0.83%,181.29,4861049634.93,144129
2018-01-18,178.13,180.98,177.08,179.80,23304901,2.20,1.24%,179.80,4183325069.85,144789
2018-01-17,179.26,179.32,175.80,177.60,27992376,-0.79,-0.44%,177.60,4961749054.65,199140
2018-01-16,181.50,181.75,178.04,178.39,36183842,-0.98,-0.55%,178.39,6505753585.39,242675
2018-01-12,178.06,181.48,177.40,179.37,77551299,-8.40,-4.47%,179.37,13936094761.37,511098
2018-01-11,188.40,188.40,187.38,187.77,9588587,-0.07,-0.04%,187.77,1799645850.53,63771
2018-01-10,186.94,187.89,185.63,187.84,10529894,-0.03,-0.02%,187.84,1971033933.25,71095
2018-01-09,188.70,188.80,187.10,187.87,12393057,-0.41,-0.22%,187.87,2328081958.77,83569
2018-01-08,187.20,188.90,186.33,188.28,17994726,1.43,0.77%,188.28,3385640504.59,98484
2018-01-05,185.59,186.90,184.93,186.85,13574535,2.52,1.37%,186.85,2523457066.00,86108
2018-01-04,184.90,186.21,184.0996,184.33,13880896,-0.34,-0.18%,184.33,2567761405.45,96006
2018-01-03,181.88,184.78,181.33,184.67,16886563,3.25,1.79%,184.67,3099607296.26,112271
2018-01-02,177.68,181.58,177.55,181.42,18151903,4.96,2.81%,181.42,3268851126.51,115424
2017-12-29,178.00,178.85,176.46,176.46,10261456,-1.46,-0.82%,176.46,1818847313.98,57812
2017-12-28,177.95,178.9367,177.68,177.92,12220760,0.30,0.17%,177.92,2179904840.69,60319
2017-12-27,176.55,178.44,176.26,177.62,9496071,1.63,0.93%,177.62,1687327959.45,59135
2017-12-26,176.63,177.00,174.67,175.99,8897286,-1.21,-0.68%,175.99,1565257655.35,56812
2017-12-22,177.14,177.53,176.23,177.20,8509451,-0.25,-0.14%,177.20,1506271528.12,55064
2017-12-21,177.94,178.68,177.05,177.45,11600700,-0.44,-0.25%,177.45,2062308850.96,77063
2017-12-20,179.81,179.81,177.36,177.89,11860497,-1.62,-0.90%,177.89,2112911638.83,80467
2017-12-19,179.95,180.08,178.22,179.51,14920582,-1.31,-0.72%,179.51,2671415840.84,91077
2017-12-18,181.01,181.30,179.75,180.82,17265376,0.64,0.36%,180.82,3118196312.41,84592
2017-12-15,179.02,180.4934,178.36,180.18,28463101,1.79,1.00%,180.18,5119841108.46,106596
2017-12-14,178.29,180.3601,177.68,178.39,13590999,0.09,0.05%,178.39,2434076595.34,90273
2017-12-13,177.30,179.16,177.25,178.30,14615718,1.34,0.76%,178.30,2606925598.60,95147
2017-12-12,178.60,179.18,176.60,176.96,16854098,-2.08,-1.16%,176.96,2995087603.36,115610
2017-12-11,179.30,180.22,178.80,179.04,13168575,0.04,0.02%,179.04,2363171340.97,89046
2017-12-08,181.53,182.28,178.7401,179.00,19883764,-1.14,-0.63%,179.00,3586094540.08,111936
2017-12-07,175.80,180.39,175.80,180.14,20404533,4.08,2.32%,180.14,3644159303.74,130346
2017-12-06,172.50,176.77,171.90,176.06,20255846,3.23,1.87%,176.06,3552659947.22,118500
2017-12-05,170.45,175.38,169.01,172.83,20184908,1.36,0.79%,172.83,3493956224.39,130505
2017-12-04,176.29,176.57,170.79,171.47,24459422,-3.63,-2.07%,171.47,4230903790.94,171158
2017-12-01,176.03,177.48,172.34,175.10,20182523,-2.08,-1.17%,175.10,3539840137.02,136957
2017-11-30,176.85,178.275,175.20,177.18,25307601,2.05,1.17%,177.18,4471517062.37,157513
2017-11-29,181.89,181.97,174.00,175.13,41933484,-7.29,-4.00%,175.13,7383027708.43,299334
2017-11-28,183.51,184.25,182.09,182.42,14379674,-0.61,-0.33%,182.42,2633394334.13,84976
2017-11-27,182.56,183.73,181.99,183.03,12344516,0.25,0.14%,183.03,2258693090.92,70342
2017-11-24,180.40,183.15,180.29,182.78,9426283,1.91,1.06%,182.78,1718533659.22,55543
2017-11-22,181.30,181.73,180.44,180.87,10376329,-0.99,-0.54%,180.87,1877199111.62,69596
2017-11-21,179.15,181.89,178.99,181.86,14503990,3.12,1.75%,181.86,2624670994.87,90882
2017-11-20,178.87,179.50,178.10,178.74,10052391,-0.26,-0.15%,178.74,1797935712.15,66714
2017-11-17,179.30,179.98,178.90,179.00,13017980,-0.59,-0.33%,179.00,2336683018.69,74884
2017-11-16,178.76,179.83,178.50,179.59,15607582,1.64,0.92%,179.59,2799429332.27,91884
2017-11-15,176.66,178.57,176.40,177.95,10253667,-0.12,-0.07%,177.95,1822086049.02,77118
2017-11-14,178.13,178.97,177.18,178.07,9585868,-0.70,-0.39%,178.07,1707405734.22,73242
2017-11-13,177.50,179.04,177.30,178.77,9523447,0.31,0.17%,178.77,1700313284.63,58475
2017-11-10,178.35,179.0999,177.96,178.46,11070189,-0.84,-0.47%,178.46,1975783863.92,69501
2017-11-09,178.31,179.40,177.09,179.30,12557573,-0.26,-0.14%,179.30,2238007219.28,86512
2017-11-08,179.79,180.35,179.11,179.56,10494149,-0.69,-0.38%,179.56,1885855883.85,61671
2017-11-07,180.50,180.7478,178.96,180.25,12928182,0.08,0.04%,180.25,2325952610.60,78179
2017-11-06,178.56,180.45,178.31,180.17,13312741,1.25,0.70%,180.17,2391017514.12,85235
2017-11-03,179.29,179.86,176.71,178.92,17822131,0.00,0.00%,178.92,3179604527.52,114331
2017-11-02,180.63,181.94,177.34,178.92,35529893,-3.74,-2.05%,178.92,6363541514.64,226731
2017-11-01,182.36,182.90,180.57,182.66,40918341,2.60,1.44%,182.66,7435988714.28,261019
2017-10-31,180.57,180.80,178.94,180.06,20174231,0.19,0.11%,180.06,3628425906.60,139067
2017-10-30,179.26,180.69,177.61,179.87,24353160,1.99,1.12%,179.87,4370025374.54,160548
2017-10-27,174.15,178.21,173.90,177.88,30285281,7.25,4.25%,177.88,5351626086.17,184036
2017-10-26,171.38,172.285,170.39,170.63,11833141,0.03,0.02%,170.63,2025228438.54,71290
2017-10-25,171.90,172.25,168.89,170.60,15868197,-1.20,-0.70%,170.60,2703801699.92,92560
2017-10-24,172.30,173.24,171.50,171.80,12267913,0.53,0.31%,171.80,2115673204.66,80820
2017-10-23,175.20,175.34,171.25,171.27,13852658,-3.71,-2.12%,171.27,2394839258.86,90085
2017-10-20,175.50,175.88,174.63,174.98,12602238,0.42,0.24%,174.98,2207299540.62,75751
2017-10-19,174.93,176.03,172.63,174.56,14048350,-1.47,-0.84%,174.56,2443146244.57,94022
2017-10-18,176.65,176.74,175.75,176.03,12752351,-0.08,-0.05%,176.03,2246391232.06,73843
2017-10-17,174.71,176.13,174.36,176.11,15990079,1.59,0.91%,176.11,2805187992.92,88098
2017-10-16,174.49,175.00,174.06,174.52,11498752,0.78,0.45%,174.52,2006691240.24,65692
2017-10-13,173.45,174.65,173.20,173.74,13658307,1.19,0.69%,173.74,2376491836.46,80710
2017-10-12,172.61,173.85,172.29,172.55,10351044,-0.19,-0.11%,172.55,1791286639.03,67776
2017-10-11,171.95,172.78,171.40,172.74,11283663,1.15,0.67%,172.74,1942493620.87,66336
2017-10-10,173.00,173.20,170.80,171.59,11341081,-0.91,-0.53%,171.59,1947195334.39,74770
2017-10-09,172.70,174.88,172.00,172.50,14570413,0.27,0.16%,172.50,2526079859.87,92228
2017-10-06,170.25,172.37,169.75,172.23,13124473,0.99,0.58%,172.23,2247612015.65,74932
2017-10-05,169.18,171.31,168.60,171.24,14580628,2.82,1.67%,171.24,2478527330.79,95553
2017-10-04,169.83,170.67,168.29,168.42,12127887,-1.54,-0.91%,168.42,2055518541.19,73869
2017-10-03,169.30,170.73,169.20,169.96,8190273,0.49,0.29%,169.96,1392790445.65,57439
2017-10-02,171.39,171.87,168.75,169.47,13392280,-1.40,-0.82%,169.47,2278305856.15,91715
2017-09-29,168.83,171.66,168.81,170.87,15340366,2.14,1.27%,170.87,2615692387.68,94441
2017-09-28,167.94,169.0696,167.16,168.73,12178747,1.05,0.63%,168.73,2049424273.01,79776
2017-09-27,165.90,168.34,165.57,167.68,19242548,3.47,2.11%,167.68,3214811334.55,108830
2017-09-26,164.50,165.50,162.78,164.21,23363335,1.34,0.82%,164.21,3837397635.05,147469
2017-09-25,169.24,169.30,161.56,162.87,41251583,-7.67,-4.50%,162.87,6774014847.98,270029
2017-09-22,170.21,171.73,169.22,170.54,12097138,-0.57,-0.33%,170.54,2062111144.47,75588
2017-09-21,171.69,172.27,170.01,171.11,11161412,-1.06,-0.62%,171.11,1910859963.72,73619
2017-09-20,172.50,173.05,170.70,172.17,12264125,-0.35,-0.20%,172.17,2107631309.46,80223
2017-09-19,170.62,172.56,170.36,172.52,13168595,2.51,1.48%,172.52,2261346622.76,88457
2017-09-18,171.99,172.07,169.34,170.01,12954013,-1.63,-0.95%,170.01,2211778776.00,81708
2017-09-15,170.88,172.34,170.26,171.64,15660539,0.68,0.40%,171.64,2682841295.31,72152
2017-09-14,172.26,172.28,170.50,170.96,15615654,-2.09,-1.21%,170.96,2674688131.33,93805
2017-09-13,173.01,173.17,172.06,173.05,9119295,0.09,0.05%,173.05,1574937155.16,65425
2017-09-12,173.76,174.00,171.75,172.96,11186328,-0.55,-0.32%,172.96,1931681943.85,76307
2017-09-11,172.40,173.89,172.20,173.51,12372040,2.56,1.50%,173.51,2143331900.30,81153
2017-09-08,173.09,173.49,170.80,170.95,10998459,-2.26,-1.30%,170.95,1891507818.82,71818
2017-09-07,171.94,173.3067,170.27,173.21,18049527,1.12,0.65%,173.21,3103358203.81,120767
2017-09-06,170.91,172.48,169.57,172.09,13906342,1.37,0.80%,172.09,2380869491.71,86560
2017-09-05,171.27,172.3875,169.55,170.72,13221127,-1.30,-0.76%,170.72,2259855005.00,88094
2017-09-01,172.40,172.915,171.31,172.02,11677589,0.05,0.03%,172.02,2010770040.51,79294
2017-08-31,170.40,172.145,170.06,171.97,17226465,2.05,1.21%,171.97,2953452204.71,110022
2017-08-30,168.17,170.18,167.63,169.92,11138293,1.87,1.11%,169.92,1884848406.04,76707
2017-08-29,165.25,168.425,165.00,168.05,11120986,0.81,0.48%,168.05,1862387241.65,74304
2017-08-28,166.91,167.70,166.33,167.24,8553741,0.92,0.55%,167.24,1429094157.60,64127
2017-08-25,167.86,168.38,166.18,166.32,12614477,-1.42,-0.85%,166.32,2105059808.93,83565
2017-08-24,168.88,169.29,166.41,167.74,14030420,-0.97,-0.57%,167.74,2351302036.27,94085
2017-08-23,168.84,169.36,168.20,168.71,9856473,-0.93,-0.55%,168.71,1663472562.08,63798
2017-08-22,168.28,169.87,167.15,169.64,11390975,1.86,1.11%,169.64,1925198913.85,81877
2017-08-21,167.16,168.00,165.82,167.78,11907488,0.37,0.22%,167.78,1990390357.69,83506
2017-08-18,166.84,168.67,166.21,167.41,15093638,0.50,0.30%,167.41,2530579212.17,100672
2017-08-17,169.34,169.86,166.85,166.91,17216030,-3.09,-1.82%,166.91,2894538148.04,114477
2017-08-16,171.25,171.38,169.24,170.00,15779924,-1.00,-0.58%,170.00,2684585118.20,117566
2017-08-15,171.49,171.50,170.01,171.00,8729172,0.25,0.15%,171.00,1491777339.59,59848
2017-08-14,170.09,171.08,169.29,170.75,12954231,2.67,1.59%,170.75,2208514831.95,84966
2017-08-11,167.95,168.82,166.85,168.08,13791153,0.68,0.41%,168.08,2316799030.56,94298
2017-08-10,170.06,170.59,166.85,167.40,20832746,-3.78,-2.21%,167.40,3505894575.70,140587
2017-08-09,169.98,171.45,169.56,171.18,10814984,-0.05,-0.03%,171.18,1846464800.01,78153
2017-08-08,171.88,173.05,170.62,171.23,14393524,-0.75,-0.44%,171.23,2475458033.83,95649
2017-08-07,169.95,172.06,169.66,171.98,12787844,2.36,1.39%,171.98,2189562910.82,83675
2017-08-04,168.97,170.06,168.69,169.62,10777727,1.03,0.61%,169.62,1825979709.59,70479
2017-08-03,169.30,169.70,168.25,168.59,10793841,-0.71,-0.42%,168.59,1823301137.37,75103
2017-08-02,170.30,170.55,166.91,169.30,17433774,-0.56,-0.33%,169.30,2939991985.52,117398
2017-08-01,169.82,170.47,169.05,169.86,14384957,0.61,0.36%,169.86,2444312017.99,93492
2017-07-31,172.00,172.72,168.55,169.25,25478945,-3.20,-1.86%,169.25,4329298304.84,168878
2017-07-28,169.07,173.43,169.05,172.45,24557553,2.01,1.18%,172.45,4228865242.60,138226
2017-07-27,174.70,175.49,167.50,170.44,68910708,4.83,2.92%,170.44,11874467933.46,392200
2017-07-26,166.01,166.01,164.10,165.61,35236867,0.33,0.20%,165.61,5819347830.54,210174
2017-07-25,165.01,165.54,163.8619,165.28,15383241,-0.72,-0.43%,165.28,2535516238.65,104134
2017-07-24,164.64,166.17,164.31,166.00,17366971,1.57,0.95%,166.00,2871572663.74,104832
2017-07-21,164.16,165.05,163.75,164.43,14744002,-0.10,-0.06%,164.43,2423745183.70,80361
2017-07-20,164.80,165.00,162.81,164.53,18523107,0.39,0.24%,164.53,3038405830.29,117772
2017-07-19,163.59,165.70,163.17,164.14,26273642,1.28,0.79%,164.14,4322734663.63,156547
2017-07-18,159.66,163.73,159.42,162.86,23722910,3.13,1.96%,162.86,3840057308.84,145457
2017-07-17,160.25,160.78,158.81,159.73,12858836,-0.24,-0.15%,159.73,2052571816.74,87532
2017-07-14,160.13,160.32,159.3254,159.97,16371207,0.71,0.45%,159.97,2618869143.15,108508
2017-07-13,158.74,159.78,158.4227,159.26,13929236,0.36,0.23%,159.26,2216625850.71,100544
2017-07-12,156.49,159.16,156.20,158.90,22739388,3.63,2.34%,158.90,3591007541.13,140122
2017-07-11,153.37,155.4225,152.91,155.27,13667744,1.77,1.15%,155.27,2109682301.60,94507
2017-07-10,151.69,153.98,151.51,153.50,13378672,2.06,1.36%,153.50,2048676083.50,94539
2017-07-07,149.25,151.99,149.19,151.44,13615931,2.62,1.76%,151.44,2056134169.85,91903
2017-07-06,149.03,150.04,148.00,148.82,14951802,-1.52,-1.01%,148.82,2227468057.66,111663
2017-07-05,149.00,150.85,148.13,150.34,14334290,1.91,1.29%,150.34,2146426962.63,100618
2017-07-03,151.72,152.15,147.80,148.43,13862735,-2.55,-1.69%,148.43,2071501005.17,96377
2017-06-30,151.90,151.92,150.06,150.98,17666022,-0.06,-0.04%,150.98,2669926251.99,95226
2017-06-29,152.28,152.50,148.9175,151.04,23973482,-2.20,-1.44%,151.04,3613822969.99,174439
2017-06-28,150.92,153.47,149.86,153.24,16719104,2.66,1.77%,153.24,2538130588.94,121119
2017-06-27,152.84,153.31,150.39,150.58,19360766,-3.01,-1.96%,150.58,2937079295.26,130660
2017-06-26,156.25,156.50,153.1954,153.59,18049651,-1.48,-0.95%,153.59,2792052067.93,123929
2017-06-23,152.72,155.20,152.65,155.07,18026977,1.67,1.09%,155.07,2785323122.72,87449
2017-06-22,153.01,154.55,152.91,153.40,13005535,-0.51,-0.33%,153.40,1998750665.36,85489
2017-06-21,152.36,154.08,151.88,153.91,15039834,1.66,1.09%,153.91,2302942741.92,103294
2017-06-20,152.88,153.84,152.21,152.25,14743853,-0.62,-0.41%,152.25,2253860828.69,102364
2017-06-19,151.71,153.57,151.71,152.87,19026462,2.23,1.48%,152.87,2905261407.05,118910
2017-06-16,149.59,150.83,148.60,150.64,22882417,0.84,0.56%,150.64,3435907562.69,110010
2017-06-15,147.67,150.0366,146.3747,149.80,18994152,-0.45,-0.30%,149.80,2815574606.96,135775
2017-06-14,151.26,152.40,149.05,150.25,20808759,-0.43,-0.29%,150.25,3143043500.63,149252
2017-06-13,150.15,151.18,148.90,150.68,20483350,2.24,1.51%,150.68,3080904749.69,147342
2017-06-12,148.17,149.195,144.56,148.44,33170180,-1.16,-0.78%,148.44,4881964967.89,241441
2017-06-09,154.77,155.59,146.61,149.60,35577676,-5.11,-3.30%,149.60,5387580273.95,254157
2017-06-08,154.08,154.73,153.10,154.71,17799449,1.59,1.04%,154.71,2740648319.85,102742
2017-06-07,153.27,153.75,152.34,153.12,12066657,0.31,0.20%,153.12,1846383128.79,83448
2017-06-06,153.41,154.52,152.48,152.81,13457119,-0.82,-0.53%,152.81,2066991085.75,85938
2017-06-05,153.64,154.7088,153.41,153.63,12520387,0.02,0.01%,153.63,1928179763.40,76185
2017-06-02,151.85,153.63,151.30,153.61,16854365,2.08,1.37%,153.61,2573198023.61,105963
2017-06-01,151.75,152.29,150.30,151.53,14530600,0.07,0.05%,151.53,2199037086.63,89801
2017-05-31,152.70,153.35,151.09,151.46,18023917,-0.92,-0.60%,151.46,2736520292.40,102869
2017-05-30,151.97,152.90,151.64,152.38,13226007,0.25,0.16%,152.38,2015085514.47,86353
2017-05-26,152.23,152.25,151.15,152.13,14996185,0.17,0.11%,152.13,2275901310.18,89350
2017-05-25,150.30,152.59,149.95,151.96,19891352,1.92,1.28%,151.96,3012767068.87,126959
2017-05-24,148.51,150.23,148.42,150.04,17940668,1.97,1.33%,150.04,2684480775.25,108897
2017-05-23,148.52,148.81,147.25,148.07,12817837,-0.17,-0.11%,148.07,1894754853.02,77108
2017-05-22,148.08,148.59,147.69,148.24,12586712,0.18,0.12%,148.24,1863797241.23,79908
2017-05-19,148.445,149.39,147.96,148.06,16187892,0.40,0.27%,148.06,2404329176.66,101945
2017-05-18,144.72,148.15,144.51,147.66,23031566,2.81,1.94%,147.66,3382158381.98,151869
2017-05-17,148.00,148.67,144.4216,144.85,28300050,-4.93,-3.29%,144.85,4148296776.93,192710
2017-05-16,150.11,150.21,149.03,149.78,14550830,-0.41,-0.27%,149.78,2178107733.21,95739
2017-05-15,150.17,151.48,149.77,150.19,15064664,-0.14,-0.09%,150.19,2264634467.57,81972
2017-05-12,150.40,150.46,149.63,150.33,9598229,0.29,0.19%,150.33,1440353320.59,68499
2017-05-11,150.31,150.65,149.41,150.04,11841864,-0.25,-0.17%,150.04,1775550401.70,80633
2017-05-10,150.23,150.52,148.86,150.29,12080650,-0.19,-0.13%,150.29,1810784732.01,80967
2017-05-09,151.49,152.59,150.21,150.48,17453859,-0.58,-0.38%,150.48,2641025682.78,106122
2017-05-08,150.71,151.08,149.74,151.06,15827488,0.82,0.55%,151.06,2382772969.67,90643
2017-05-05,151.45,151.63,149.79,150.24,17148543,-0.61,-0.40%,150.24,2578280507.65,106805
2017-05-04,150.17,151.52,148.72,150.85,36225452,-0.95,-0.63%,150.85,5445866204.21,212070
2017-05-03,153.60,153.60,151.34,151.80,29782492,-0.98,-0.64%,151.80,4527786900.02,185597
2017-05-02,153.34,153.44,151.66,152.78,21870380,0.32,0.21%,152.78,3339508018.79,141206
2017-05-01,151.74,152.57,151.42,152.46,25218300,2.21,1.47%,152.46,3833940721.27,142872
2017-04-28,149.50,151.53,149.07,150.25,30652248,2.55,1.73%,150.25,4603166828.97,192323
2017-04-27,146.67,147.75,146.14,147.70,11275112,1.14,0.78%,147.70,1658934830.03,71489
2017-04-26,147.09,147.59,146.09,146.56,12394959,0.07,0.05%,146.56,1818417532.37,74932
2017-04-25,145.79,147.15,145.7898,146.49,17767523,1.02,0.70%,146.49,2602456852.91,86155
2017-04-24,144.96,145.6738,144.34,145.47,14407175,1.79,1.25%,145.47,2092404940.21,88910
2017-04-21,143.90,144.17,142.27,143.68,12382002,-0.12,-0.08%,143.68,1779113752.15,66647
2017-04-20,142.95,144.25,142.689,143.80,15968164,1.53,1.08%,143.80,2293291202.35,94901
2017-04-19,141.35,143.04,141.27,142.27,15563945,1.31,0.93%,142.27,2216349331.48,99407
2017-04-18,141.27,141.905,140.61,140.96,14807472,-0.46,-0.33%,140.96,2092226879.63,84171
2017-04-17,139.76,141.55,139.75,141.42,11519663,2.03,1.46%,141.42,1622912195.11,61444
2017-04-13,139.62,140.58,139.33,139.39,10965614,-0.19,-0.14%,139.39,1533690458.60,70929
2017-04-12,139.72,140.40,139.44,139.58,11612456,-0.34,-0.24%,139.58,1623606253.94,80746
2017-04-11,140.80,141.0299,138.81,139.92,16638087,-1.12,-0.79%,139.92,2325581622.43,112809
2017-04-10,141.00,141.43,140.63,141.04,9039366,0.26,0.18%,141.04,1275170281.66,60352
2017-04-07,141.20,141.55,140.24,140.78,11811439,-0.39,-0.28%,140.78,1666023219.68,74883
2017-04-06,142.11,142.22,140.91,141.17,15103426,-0.68,-0.48%,141.17,2135636035.83,90180
2017-04-05,142.26,143.44,141.29,141.85,17158059,0.12,0.08%,141.85,2444698193.65,101696
2017-04-04,141.86,142.09,141.27,141.73,12948599,-0.55,-0.39%,141.73,1833915527.73,75706
2017-04-03,141.93,142.47,140.82,142.28,13563960,0.23,0.16%,142.28,1922958282.30,88972
2017-03-31,142.31,142.63,141.89,142.05,11478265,-0.36,-0.25%,142.05,1632748038.32,68937
2017-03-30,142.40,142.95,141.85,142.41,12403997,-0.24,-0.17%,142.41,1766182173.03,76238
2017-03-29,141.99,142.86,141.43,142.65,16527574,0.89,0.63%,142.65,2348976033.71,86920
2017-03-28,140.36,141.95,140.01,141.76,14679436,1.44,1.03%,141.76,2072065145.99,92555
2017-03-27,139.05,140.65,138.77,140.32,12800544,-0.02,-0.01%,140.32,1792574971.60,73157
2017-03-24,140.08,141.0244,139.76,140.34,16664683,0.81,0.58%,140.34,2339792634.73,97649
2017-03-23,139.48,140.39,139.09,139.53,13022801,-0.06,-0.04%,139.53,1819148377.97,76971
2017-03-22,137.93,139.79,137.60,139.59,17055449,1.08,0.78%,139.59,2369026681.78,108387
2017-03-21,141.15,142.3082,138.40,138.51,29894784,-1.43,-1.02%,138.51,4189377990.90,183953
2017-03-20,139.71,140.19,139.25,139.94,12099471,0.10,0.07%,139.94,1691921190.75,68224
2017-03-17,140.34,140.34,139.70,139.84,20592818,-0.15,-0.11%,139.84,2882666043.96,76141
2017-03-16,140.20,140.25,139.73,139.99,13612942,0.27,0.19%,139.99,1905372113.91,86545
2017-03-15,139.29,140.10,138.49,139.72,19344826,0.40,0.29%,139.72,2695982989.66,103325
2017-03-14,139.46,139.46,138.52,139.32,12944018,-0.28,-0.20%,139.32,1798618844.48,72466
2017-03-13,138.71,139.68,138.6729,139.60,10955450,0.81,0.58%,139.60,1526690238.17,62995
2017-03-10,138.91,139.49,138.22,138.79,16314113,0.55,0.40%,138.79,2264527113.33,88582
2017-03-09,137.72,138.57,137.40,138.24,15535259,0.52,0.38%,138.24,2146166156.55,83702
2017-03-08,137.15,137.99,137.0516,137.72,10184514,0.42,0.31%,137.72,1402226150.87,65377
2017-03-07,137.03,138.37,136.99,137.30,13527132,-0.12,-0.09%,137.30,1859947711.43,78737
2017-03-06,136.88,137.83,136.51,137.42,12748179,0.25,0.18%,137.42,1749129223.01,74069
2017-03-03,136.63,137.33,136.08,137.17,11160563,0.41,0.30%,137.17,1526891121.60,68441
2017-03-02,137.09,137.82,136.31,136.76,12294804,-0.66,-0.48%,136.76,1682471941.32,76391
2017-03-01,136.47,137.48,136.30,137.42,16257010,1.88,1.39%,137.42,2226059633.80,97770
2017-02-28,136.79,136.805,134.75,135.54,16112092,-0.87,-0.64%,135.54,2187897112.10,91061
2017-02-27,135.26,137.1846,135.02,136.41,14306668,0.97,0.72%,136.41,1948343667.06,85268
2017-02-24,134.16,135.62,134.16,135.44,12625742,0.08,0.06%,135.44,1706642719.51,71500
2017-02-23,135.89,136.12,134.33,135.36,18422549,-0.76,-0.56%,135.36,2489317273.32,105685
2017-02-22,133.60,136.79,133.46,136.12,27360092,2.40,1.79%,136.12,3715888924.83,136030
2017-02-21,133.50,133.91,132.90,133.72,14759109,0.19,0.14%,133.72,1968755244.27,86289
2017-02-17,133.50,134.0912,133.17,133.53,12276490,-0.31,-0.23%,133.53,1639291654.72,63065
2017-02-16,133.07,133.87,133.022,133.84,12831092,0.40,0.30%,133.84,1711835105.72,73561
2017-02-15,133.45,133.70,132.66,133.44,13226534,-0.41,-0.31%,133.44,1762705714.87,83994
2017-02-14,134.10,134.23,132.55,133.85,14364877,-0.20,-0.15%,133.85,1917988752.57,86366
2017-02-13,134.6975,134.6975,133.70,134.05,13526221,-0.14,-0.10%,134.05,1813910196.32,81853
2017-02-10,134.10,134.94,133.68,134.19,15061939,0.05,0.04%,134.19,2023899372.94,84391
2017-02-09,134.49,134.50,133.31,134.14,16470609,-0.06,-0.04%,134.14,2206319868.59,87814
2017-02-08,132.60,134.44,132.44,134.20,22390556,2.36,1.79%,134.20,2994461662.68,114587
2017-02-07,132.24,133.00,131.661,131.84,14596449,-0.22,-0.17%,131.84,1928755751.69,88361
2017-02-06,130.98,132.06,130.30,132.06,17058494,1.08,0.82%,132.06,2240363509.17,100876
2017-02-03,131.24,132.85,130.76,130.98,24804890,0.14,0.11%,130.98,3266212664.42,140155
2017-02-02,133.22,135.49,130.40,130.84,54366447,-2.39,-1.79%,130.84,7187951220.31,279064
2017-02-01,132.25,133.49,130.68,133.23,50139775,2.91,2.23%,133.23,6624810981.72,253103
2017-01-31,130.17,130.66,129.5157,130.32,19790484,-0.66,-0.50%,130.32,2573397521.66,112840
2017-01-30,131.58,131.58,129.60,130.98,18956095,-1.20,-0.91%,130.98,2470679663.08,113796
2017-01-27,132.68,132.95,131.08,132.18,19539514,-0.60,-0.45%,132.18,2582593702.40,106812
2017-01-26,131.63,133.14,131.4401,132.78,20020141,1.30,0.99%,132.78,2654848795.77,121428
2017-01-25,130.00,131.74,129.77,131.48,18777314,2.11,1.63%,131.48,2459187489.60,112265
2017-01-24,129.38,129.90,128.38,129.37,15162724,0.44,0.34%,129.37,1958037256.86,87750
2017-01-23,127.31,129.25,126.95,128.93,16593563,1.89,1.49%,128.93,2128322216.83,98340
2017-01-20,128.10,128.48,126.78,127.04,19097223,-0.51,-0.40%,127.04,2435081557.51,95491
2017-01-19,128.23,128.35,127.45,127.55,12195465,-0.37,-0.29%,127.55,1558857007.95,68496
2017-01-18,128.41,128.43,126.84,127.92,13145852,0.05,0.04%,127.92,1676987471.35,78949
2017-01-17,128.04,128.34,127.40,127.87,15294460,-0.47,-0.37%,127.87,1954538263.55,87508
2017-01-13,127.49,129.27,127.37,128.34,24884325,1.72,1.36%,128.34,3200415242.07,138241
2017-01-12,125.61,126.73,124.80,126.62,18653914,0.53,0.42%,126.62,2349186516.92,102666
2017-01-11,124.35,126.12,124.06,126.09,18356523,1.74,1.40%,126.09,2297477637.37,103722
2017-01-10,124.82,125.50,124.28,124.35,17324590,-0.55,-0.44%,124.35,2162195940.04,100319
2017-01-09,123.55,125.43,123.04,124.90,22880360,1.49,1.21%,124.90,2850493044.59,129073
2017-01-06,120.98,123.88,120.03,123.41,28545263,2.74,2.27%,123.41,3506088113.14,161675
2017-01-05,118.86,120.95,118.3209,120.67,19492150,1.98,1.67%,120.67,2336363775.53,111204
2017-01-04,117.55,119.66,117.29,118.69,19630932,1.83,1.57%,118.69,2325283699.09,113184
2017-01-03,116.03,117.84,115.51,116.86,20663912,1.81,1.57%,116.86,2413492042.65,123756
2016-12-30,116.595,116.83,114.7739,115.05,18684106,-1.30,-1.12%,115.05,2154069542.44,107595
2016-12-29,117.00,117.531,116.06,116.35,9934873,-0.57,-0.49%,116.35,1158369015.51,66268
2016-12-28,118.19,118.25,116.65,116.92,12087377,-1.09,-0.92%,116.92,1415250801.97,73837
2016-12-27,116.96,118.68,116.864,118.01,12051481,0.74,0.63%,118.01,1423640197.18,76509
2016-12-23,117.00,117.56,116.30,117.27,10889985,-0.13,-0.11%,117.27,1273549681.88,65740
2016-12-22,118.86,118.99,116.93,117.40,16258587,-1.64,-1.38%,117.40,1912563566.16,98873
2016-12-21,118.92,119.20,118.48,119.04,10767646,-0.05,-0.04%,119.04,1280010045.04,67778
2016-12-20,119.50,119.77,118.80,119.09,13684402,-0.15,-0.13%,119.09,1631567945.92,81397
2016-12-19,119.85,120.36,118.51,119.24,15918146,-0.63,-0.53%,119.24,1901428811.45,92924
2016-12-16,120.90,121.50,119.27,119.87,25324299,-0.70,-0.58%,119.87,3044127418.14,104682
2016-12-15,120.08,122.50,119.63,120.57,20139568,0.36,0.30%,120.57,2426152009.04,115399
2016-12-14,120.00,121.69,118.85,120.21,25913095,-0.10,-0.08%,120.21,3120772413.05,144441
2016-12-13,117.86,121.52,117.61,120.31,29768028,2.54,2.16%,120.31,3578448194.45,166396
2016-12-12,119.22,119.24,117.65,117.77,17805527,-1.91,-1.60%,117.77,2104042410.59,107318
2016-12-09,119.22,119.94,118.95,119.68,17464736,0.77,0.65%,119.68,2086488554.78,105693
2016-12-08,117.98,119.50,117.64,118.91,22442756,0.96,0.81%,118.91,2665552500.36,124203
2016-12-07,117.00,117.95,116.57,117.95,21913658,0.64,0.55%,117.95,2572580352.61,119333
2016-12-06,117.69,117.795,116.33,117.31,19131202,-0.12,-0.10%,117.31,2237677330.48,111086
2016-12-05,115.95,117.57,115.07,117.43,20201528,2.03,1.76%,117.43,2359354414.28,117638
2016-12-02,115.11,116.48,114.30,115.40,25070364,0.30,0.26%,115.40,2896299805.22,131536
2016-12-01,118.38,118.45,114.00,115.10,43276994,-3.32,-2.80%,115.10,4991409791.22,259190
2016-11-30,120.32,121.79,117.95,118.42,30188922,-2.45,-2.03%,118.42,3598338821.70,158475
2016-11-29,120.57,122.10,120.40,120.87,18890956,0.46,0.38%,120.87,2291420105.91,110297
2016-11-28,120.12,121.69,119.82,120.41,18101314,0.03,0.02%,120.41,2186139605.57,101837
2016-11-25,121.01,121.14,120.07,120.38,8658605,-0.46,-0.38%,120.38,1043306340.23,50385
2016-11-23,121.23,121.31,119.94,120.84,15672136,-0.63,-0.52%,120.84,1887337085.15,97802
2016-11-22,122.40,122.98,120.90,121.47,26089163,-0.30,-0.25%,121.47,3175920871.53,146793
2016-11-21,118.20,121.95,117.80,121.77,35415366,4.75,4.06%,121.77,4267385965.33,190754
2016-11-18,118.39,119.13,116.84,117.02,22879303,-0.77,-0.65%,117.02,2692585184.03,126381
2016-11-17,116.81,117.79,116.01,117.79,18597766,1.45,1.25%,117.79,2175836185.50,108669
2016-11-16,114.48,117.88,114.21,116.34,32397947,-0.86,-0.73%,116.34,3767159312.65,176273
2016-11-15,116.73,118.49,115.83,117.20,34681369,2.12,1.84%,117.20,4071063378.86,209766
2016-11-14,119.1256,119.1256,113.5535,115.08,51377040,-3.94,-3.31%,115.08,5936331212.90,294496
2016-11-11,119.53,120.70,118.15,119.02,32840137,-1.78,-1.47%,119.02,3907853612.25,197539
2016-11-10,123.93,124.18,115.27,120.80,67846704,-2.38,-1.93%,120.80,8078389466.94,405778
2016-11-09,121.50,123.81,120.51,123.18,31916020,-1.04,-0.84%,123.18,3909106939.27,190815
2016-11-08,122.03,124.61,121.54,124.22,19460768,2.07,1.69%,124.22,2396225128.48,116822
2016-11-07,122.83,123.2089,121.35,122.15,23008880,1.40,1.16%,122.15,2810882954.41,131962
2016-11-04,119.59,121.93,119.25,120.75,30545466,0.75,0.63%,120.75,3692688882.94,173309
2016-11-03,122.00,123.28,119.50,120.00,63766259,-7.17,-5.64%,120.00,7700480072.58,379182
2016-11-02,130.23,130.23,126.28,127.17,50190225,-2.33,-1.80%,127.17,6407926909.71,290464
2016-11-01,131.41,131.94,128.65,129.50,22077779,-1.49,-1.14%,129.50,2869208553.77,137066
2016-10-31,132.01,132.12,130.8835,130.99,15668982,-0.30,-0.23%,130.99,2056566955.43,89958
2016-10-28,130.50,132.97,129.93,131.29,24545547,1.60,1.23%,131.29,3231581250.43,137325
2016-10-27,131.74,131.80,129.27,129.69,16741393,-1.35,-1.03%,129.69,2180136335.12,104925
2016-10-26,131.64,132.26,130.935,131.04,13084731,-1.25,-0.94%,131.04,1720378076.63,82324
2016-10-25,133.50,133.50,132.22,132.29,13336787,-0.99,-0.74%,132.29,1769138025.64,89137
2016-10-24,132.72,133.405,132.15,133.28,17470227,1.21,0.92%,133.28,2323873121.12,95181
2016-10-21,129.78,132.13,129.70,132.07,19088794,2.07,1.59%,132.07,2500557185.93,101867
2016-10-20,130.07,130.66,129.50,130.00,13167503,-0.11,-0.08%,130.00,1713129615.01,82729
2016-10-19,128.74,130.47,128.60,130.11,16752321,1.54,1.20%,130.11,2177809670.60,101933
2016-10-18,128.68,129.39,128.01,128.57,13503967,1.03,0.81%,128.57,1739027406.80,86300
2016-10-17,128.20,128.47,127.32,127.54,11351681,-0.34,-0.27%,127.54,1450927832.25,66236
2016-10-14,128.49,128.95,127.58,127.88,13345292,0.06,0.05%,127.88,1711310779.24,77036
2016-10-13,128.21,128.25,126.75,127.82,17139306,-1.23,-0.95%,127.82,2184805952.25,110671
2016-10-12,129.01,129.66,128.46,129.05,11072991,0.17,0.13%,129.05,1429165956.63,74454
2016-10-11,130.23,130.64,128.23,128.88,17537928,-1.36,-1.04%,128.88,2266710427.11,113534
2016-10-10,129.68,130.70,129.20,130.24,15138720,1.25,0.97%,130.24,1970749107.90,86776
2016-10-07,129.04,129.25,128.33,128.99,12804420,0.25,0.19%,128.99,1649881643.29,78755
2016-10-06,128.43,129.06,128.08,128.74,11682729,0.27,0.21%,128.74,1503622236.27,70747
2016-10-05,128.25,128.80,127.83,128.47,12386753,0.28,0.22%,128.47,1589249295.81,77261
2016-10-04,129.17,129.2765,127.5499,128.19,14307548,-0.58,-0.45%,128.19,1834424797.30,94376
2016-10-03,128.38,129.09,127.80,128.77,13156943,0.50,0.39%,128.77,1688729315.68,80912
2016-09-30,128.03,128.59,127.45,128.27,18402945,0.18,0.14%,128.27,2358488857.99,91548
2016-09-29,129.18,129.29,127.55,128.09,14532241,-1.14,-0.88%,128.09,1864699461.23,97276
2016-09-28,129.21,129.47,128.40,129.23,12047636,0.54,0.42%,129.23,1553325961.37,73531
2016-09-27,127.61,129.01,127.43,128.69,15637111,1.38,1.08%,128.69,2007398534.43,94252
2016-09-26,127.37,128.16,126.80,127.31,15064940,-0.65,-0.51%,127.31,1918688595.29,88406
2016-09-23,127.56,128.60,127.30,127.96,28326266,-2.12,-1.63%,127.96,3624845523.34,149849
2016-09-22,130.50,130.73,129.56,130.08,15538307,0.14,0.11%,130.08,2022877213.80,87363
2016-09-21,129.13,130.005,128.39,129.94,14068336,1.30,1.01%,129.94,1819082312.51,76429
2016-09-20,128.65,129.17,128.0307,128.64,11083808,-0.01,-0.01%,128.64,1425647122.92,69989
2016-09-19,129.91,129.94,128.26,128.65,14958794,-0.42,-0.33%,128.65,1930389134.79,84457
2016-09-16,128.20,129.18,128.20,129.07,24119174,0.72,0.56%,129.07,3104793421.78,85378
2016-09-15,127.98,129.10,127.67,128.35,15111838,0.58,0.45%,128.35,1941854363.52,89262
2016-09-14,126.89,128.80,126.89,127.77,15720388,0.56,0.44%,127.77,2011313759.09,99928
2016-09-13,128.03,128.35,126.66,127.21,18016152,-1.48,-1.15%,127.21,2291921984.18,115830
2016-09-12,125.96,128.76,125.75,128.69,21252752,1.59,1.25%,128.69,2716323350.55,126580
2016-09-09,129.71,129.949,127.10,127.10,27100679,-3.17,-2.43%,127.10,3474463147.71,167218
2016-09-08,130.92,131.08,129.81,130.27,15676595,-0.78,-0.60%,130.27,2041648169.14,96818
2016-09-07,130.04,131.98,129.95,131.05,27990796,1.32,1.02%,131.05,3664378250.44,159906
2016-09-06,126.67,129.94,126.47,129.73,26278407,3.22,2.55%,129.73,3382496818.22,155059
2016-09-02,126.85,126.86,126.00,126.51,12118773,0.34,0.27%,126.51,1532549110.54,68204
2016-09-01,126.38,126.63,125.60,126.17,13536125,0.05,0.04%,126.17,1708250853.33,81025
2016-08-31,125.60,126.22,125.10,126.12,14200636,0.28,0.22%,126.12,1787559899.36,83125
2016-08-30,126.60,126.60,125.15,125.84,17804286,-0.70,-0.55%,125.84,2238461519.20,113747
2016-08-29,124.35,126.73,124.35,126.54,15925900,1.58,1.26%,126.54,2007062200.46,97053
2016-08-26,124.05,125.19,123.91,124.96,17504825,1.07,0.86%,124.96,2181084530.41,98409
2016-08-25,123.12,124.37,123.10,123.89,10730811,0.41,0.33%,123.89,1329804024.40,70295
2016-08-24,124.47,124.69,123.09,123.48,12243719,-0.89,-0.72%,123.48,1515968727.99,75444
2016-08-23,124.51,125.09,124.25,124.37,13309452,0.22,0.18%,124.37,1658658619.29,79755
2016-08-22,123.33,124.83,123.11,124.15,14386361,0.59,0.48%,124.15,1786867247.21,78844
2016-08-19,123.60,124.157,123.28,123.56,11688265,-0.35,-0.28%,123.56,1445590764.61,69730
2016-08-18,124.01,124.26,123.64,123.91,12400816,-0.46,-0.37%,123.91,1536970689.13,78220
2016-08-17,123.66,124.38,122.85,124.37,13794179,1.07,0.87%,124.37,1705489282.87,87865
2016-08-16,123.50,123.92,122.78,123.30,14222410,-0.60,-0.48%,123.30,1755499174.21,90275
2016-08-15,124.91,124.92,123.70,123.90,19295130,-0.98,-0.78%,123.90,2393036087.55,124434
2016-08-12,124.70,125.00,124.18,124.88,12158955,-0.02,-0.02%,124.88,1516121048.83,69780
2016-08-11,125.20,125.38,124.75,124.90,11729519,0.02,0.02%,124.90,1467468427.76,65903
2016-08-10,125.07,125.48,124.54,124.88,10670148,-0.18,-0.14%,124.88,1333299429.62,64608
2016-08-09,125.34,126.09,124.53,125.06,19620967,-0.20,-0.16%,125.06,2459992491.92,116060
2016-08-08,125.25,125.45,124.55,125.26,15233929,0.11,0.09%,125.26,1903757097.37,68365
2016-08-05,124.98,125.835,124.6184,125.15,20184035,0.79,0.64%,125.15,2528892865.37,111055
2016-08-04,122.94,124.79,122.51,124.36,21065974,1.85,1.51%,124.36,2610534680.79,108208
2016-08-03,123.09,123.92,122.31,122.51,18525332,-0.58,-0.47%,122.51,2274926053.00,104659
2016-08-02,124.06,124.80,122.07,123.09,23968414,-1.22,-0.98%,123.09,2949490756.90,132306
2016-08-01,123.85,124.58,122.86,124.31,25006850,0.37,0.30%,124.31,3098430137.30,144703
2016-07-29,124.65,125.84,123.71,123.94,35058803,-1.06,-0.85%,123.94,4375510577.83,181255
2016-07-28,127.52,128.33,123.63,125.00,78955758,1.66,1.35%,125.00,9931412989.78,383002
2016-07-27,122.42,125.00,121.51,123.34,52654239,2.12,1.75%,123.34,6444653177.53,288530
2016-07-26,122.00,122.07,120.75,121.22,17611964,-0.41,-0.34%,121.22,2135380874.01,95103
2016-07-25,121.39,121.85,117.78,121.63,18487449,0.63,0.52%,121.63,2239732594.19,100819
2016-07-22,119.90,121.01,119.31,121.00,18422410,0.39,0.32%,121.00,2219685507.59,89605
2016-07-21,121.92,122.10,120.25,120.61,17801663,-1.31,-1.07%,120.61,2152195190.88,96207
2016-07-20,121.25,122.20,120.56,121.92,20046452,1.31,1.09%,121.92,2437201487.23,103104
2016-07-19,118.99,120.85,118.66,120.61,21541292,1.24,1.04%,120.61,2587776496.88,112382
2016-07-18,117.32,119.61,116.89,119.37,20868367,2.51,2.15%,119.37,2471714350.71,109911
2016-07-15,117.74,118.28,116.58,116.86,16645964,-0.43,-0.37%,116.86,1950451863.50,83778
2016-07-14,117.50,117.64,116.70,117.29,14579736,0.51,0.44%,117.29,1707992803.14,78483
2016-07-13,118.39,118.40,116.68,116.78,16207662,-1.15,-0.98%,116.78,1898780148.54,93366
2016-07-12,118.63,118.72,117.57,117.93,15217700,0.06,0.05%,117.93,1795394731.00,91037
2016-07-11,117.71,118.70,117.50,117.87,17711570,0.63,0.54%,117.87,2092334058.51,106025
2016-07-08,116.43,117.50,115.85,117.24,18142597,1.39,1.20%,117.24,2119332820.62,100837
2016-07-07,116.63,116.97,115.36,115.85,16630201,-0.85,-0.73%,115.85,1927833234.29,97806
2016-07-06,113.36,116.79,112.97,116.70,24337586,2.70,2.37%,116.70,2807629699.96,135455
2016-07-05,113.94,114.11,112.97,114.00,14207037,-0.19,-0.17%,114.00,1613329498.61,87791
2016-07-01,114.20,115.13,113.81,114.19,14980023,-0.09,-0.08%,114.19,1714386020.85,85166
2016-06-30,114.67,115.18,113.67,114.28,23192716,0.12,0.11%,114.28,2649691336.62,126659
2016-06-29,113.37,114.25,113.04,114.16,20968273,1.46,1.30%,114.16,2388388598.90,121545
2016-06-28,110.63,112.75,110.55,112.70,26813842,3.73,3.42%,112.70,3003263565.67,162637
2016-06-27,111.57,111.57,108.23,108.97,36409606,-3.11,-2.77%,108.97,3986412757.15,213805
2016-06-24,111.01,113.68,111.00,112.08,40643130,-3.00,-2.61%,112.08,4575300702.80,219218
2016-06-23,114.37,115.09,113.54,115.08,16176895,1.17,1.03%,115.08,1851120428.63,92507
2016-06-22,114.65,114.74,113.61,113.91,14846329,-0.47,-0.41%,113.91,1694867563.46,85799
2016-06-21,114.12,115.2142,113.97,114.38,19166269,1.01,0.89%,114.38,2195672846.12,107835
2016-06-20,113.77,114.72,112.75,113.37,20785390,0.35,0.31%,113.37,2367183798.67,113602
2016-06-17,114.42,114.43,112.56,113.02,24644308,-1.37,-1.20%,113.02,2791266988.97,108707
2016-06-16,113.87,114.50,112.94,114.39,19236255,-0.21,-0.18%,114.39,2186367947.77,120629
2016-06-15,115.30,115.44,114.07,114.60,19819432,-0.34,-0.30%,114.60,2275428853.57,110424
2016-06-14,114.07,114.95,113.58,114.94,17618479,0.99,0.87%,114.94,2015399095.93,117921
2016-06-13,115.00,115.48,113.31,113.95,31718239,-2.67,-2.29%,113.95,3624060521.69,191090
2016-06-10,117.54,118.11,116.26,116.62,18510826,-1.94,-1.64%,116.62,2169769996.85,111658
2016-06-09,118.13,118.68,117.71,118.56,13859240,0.17,0.14%,118.56,1639729467.87,78909
2016-06-08,117.76,118.60,117.27,118.39,14505596,0.63,0.53%,118.39,1714024304.98,82726
2016-06-07,119.24,119.30,117.67,117.76,17103023,-1.03,-0.87%,117.76,2020308633.46,92891
2016-06-06,118.62,119.43,118.36,118.79,12744676,0.32,0.27%,118.79,1515925351.20,75556
2016-06-03,118.975,118.98,117.86,118.47,14135114,-0.46,-0.39%,118.47,1674031502.14,80529
2016-06-02,118.69,119.44,118.22,118.93,13228310,0.15,0.13%,118.93,1571763189.54,78881
2016-06-01,118.50,119.08,117.82,118.78,15029494,-0.03,-0.03%,118.78,1783660670.06,84485
2016-05-31,119.46,120.10,118.121,118.81,23547597,-0.57,-0.48%,118.81,2798725246.12,113286
2016-05-27,119.56,119.85,119.01,119.38,13493563,-0.09,-0.08%,119.38,1611100130.63,77661
2016-05-26,118.24,119.7601,117.92,119.47,18481340,1.58,1.34%,119.47,2202070567.41,95297
2016-05-25,118.13,118.665,117.38,117.89,20035494,0.19,0.16%,117.89,2364378949.76,106329
2016-05-24,116.24,117.73,116.12,117.70,20183627,1.73,1.49%,117.70,2363221745.43,111993
2016-05-23,117.42,117.60,115.94,115.97,20441004,-1.38,-1.18%,115.97,2379552647.28,108433
2016-05-20,116.96,117.99,116.95,117.35,18944831,0.54,0.46%,117.35,2224910279.24,94746
2016-05-19,117.05,117.49,115.88,116.81,20544109,-0.84,-0.71%,116.81,2394154377.44,114066
2016-05-18,116.80,118.27,116.73,117.65,21642299,0.30,0.26%,117.65,2543377289.07,113322
2016-05-17,118.82,119.01,117.20,117.35,21328648,-1.32,-1.11%,117.35,2515717593.48,118113
2016-05-16,119.38,119.61,117.35,118.67,31247834,-1.14,-0.95%,118.67,3696007054.60,202778
2016-05-13,120.38,120.64,119.68,119.81,18124286,-0.47,-0.39%,119.81,2175826787.18,97704
2016-05-12,119.98,120.84,118.90,120.28,22035465,0.76,0.64%,120.28,2642515328.80,120080
2016-05-11,120.41,121.08,119.42,119.52,22038396,-0.98,-0.81%,119.52,2647928529.97,119341
2016-05-10,119.62,120.50,114.80,120.50,23220046,1.26,1.06%,120.50,2786504065.88,122638
2016-05-09,119.54,120.28,118.90,119.24,21138059,-0.25,-0.21%,119.24,2526677469.99,111343
2016-05-06,117.16,119.637,117.1127,119.49,26395568,1.68,1.43%,119.49,3131457979.96,134349
2016-05-05,118.04,118.98,117.25,117.81,22056749,-0.25,-0.21%,117.81,2603952910.88,113941
2016-05-04,116.61,118.30,116.57,118.06,23448440,0.63,0.54%,118.06,2760068928.62,128873
2016-05-03,117.52,118.16,117.02,117.43,24117463,-1.14,-0.96%,117.43,2837982881.77,138722
2016-05-02,117.83,118.73,116.57,118.57,28095168,0.99,0.84%,118.57,3310573499.43,159526
2016-04-29,116.82,117.84,115.84,117.58,37140594,0.85,0.73%,117.58,4341210976.27,195875
2016-04-28,119.575,120.79,116.23,116.73,87110080,7.84,7.20%,116.73,10337044475.48,449835
2016-04-27,107.94,108.94,106.31,108.89,52213107,0.13,0.12%,108.89,5615471308.51,268133
2016-04-26,110.49,110.50,108.15,108.76,22521534,-1.34,-1.22%,108.76,2461982568.49,124198
2016-04-25,109.87,110.67,109.07,110.10,21017895,-0.46,-0.42%,110.10,2308169633.62,104972
2016-04-22,111.21,111.75,109.01,110.56,38458201,-2.88,-2.54%,110.56,4238183473.18,207356
2016-04-21,112.55,114.04,112.31,113.44,20875230,1.02,0.91%,113.44,2367100822.09,116964
2016-04-20,112.43,113.27,111.56,112.42,21027901,0.13,0.12%,112.42,2365004345.59,109254
2016-04-19,111.10,112.45,109.16,112.29,30210455,1.84,1.67%,112.29,3352606633.31,173452
2016-04-18,109.74,110.81,109.20,110.45,21167199,0.81,0.74%,110.45,2330033850.79,126093
2016-04-15,110.79,110.97,109.20,109.64,20922803,-1.20,-1.08%,109.64,2298241192.47,106742
2016-04-14,110.62,112.04,110.26,110.84,28473322,0.33,0.30%,110.84,3165164916.52,144981
2016-04-13,112.23,112.65,106.52,110.51,88227393,-0.10,-0.09%,110.51,9648918606.44,417697
2016-04-12,109.34,111.1645,108.99,110.61,26248081,1.62,1.49%,110.61,2896519073.93,142313
2016-04-11,110.70,110.91,108.77,108.99,39762304,-1.64,-1.48%,108.99,4358909374.48,202088
2016-04-08,114.25,114.33,109.90,110.63,48497808,-3.01,-2.65%,110.63,5403191130.00,235681
2016-04-07,113.79,114.89,113.0663,113.64,20714537,-0.07,-0.06%,113.64,2358791091.37,115576
2016-04-06,112.47,113.81,112.42,113.71,20814640,1.49,1.33%,113.71,2358238120.58,113187
2016-04-05,112.11,113.32,111.90,112.22,22962365,-0.33,-0.29%,112.22,2586583366.48,132687
2016-04-04,114.07,114.55,111.61,112.55,48487913,-3.51,-3.02%,112.55,5467234604.81,268880
2016-04-01,113.75,116.17,113.35,116.06,24760504,1.96,1.72%,116.06,2856843528.08,130295
2016-03-31,114.70,115.01,113.7682,114.10,21207526,-0.60,-0.52%,114.10,2426033070.51,115317
2016-03-30,116.73,116.99,114.355,114.70,33235184,-1.44,-1.24%,114.70,3838224482.57,167083
2016-03-29,113.83,116.32,113.64,116.14,29825340,2.45,2.15%,116.14,3435298289.68,164078
2016-03-28,113.32,114.5889,112.95,113.69,21351751,0.64,0.57%,113.69,2429203913.72,112375
2016-03-24,112.13,113.09,111.68,113.05,17839119,0.51,0.45%,113.05,2004873828.41,93464
2016-03-23,112.01,113.19,112.00,112.54,18561974,0.29,0.26%,112.54,2091499822.62,101613
2016-03-22,111.36,112.88,111.17,112.25,19001076,0.40,0.36%,112.25,2131345659.63,91053
2016-03-21,111.66,112.37,111.03,111.85,18447974,0.40,0.36%,111.85,2060051865.75,113465
2016-03-18,111.56,112.42,110.27,111.45,36256877,0.43,0.39%,111.45,4042803527.43,139457
2016-03-17,112.15,112.69,110.73,111.02,24241247,-1.16,-1.03%,111.02,2701714564.69,134142
2016-03-16,110.49,112.50,110.10,112.18,24744778,1.51,1.36%,112.18,2757290866.21,144760
2016-03-15,109.11,110.83,108.84,110.67,17618460,0.78,0.71%,110.67,1939365850.23,102484
2016-03-14,109.28,110.33,108.77,109.89,17249365,0.48,0.44%,109.89,1893758156.93,96530
2016-03-11,108.48,109.42,107.92,109.41,20697553,2.09,1.95%,109.41,2251829045.15,113094
2016-03-10,107.91,108.66,105.7699,107.32,24854284,-0.19,-0.18%,107.32,2665250114.06,140485
2016-03-09,106.70,107.51,105.49,107.51,20493305,1.58,1.49%,107.51,2187712792.10,115437
2016-03-08,104.78,107.37,104.40,105.93,25616963,0.20,0.19%,105.93,2723771750.87,139269
2016-03-07,108.07,108.07,104.72,105.73,31534055,-2.66,-2.45%,105.73,3348741721.60,185932
2016-03-04,110.05,110.05,107.93,108.39,24938858,-1.19,-1.09%,108.39,2710544722.52,130365
2016-03-03,110.25,110.30,108.54,109.58,21353092,-0.37,-0.34%,109.58,2332707367.87,121450
2016-03-02,109.68,110.55,108.77,109.95,25670170,0.13,0.12%,109.95,2814294718.53,135633
2016-03-01,107.83,109.82,107.60,109.82,26817309,2.90,2.71%,109.82,2927461495.89,151133
2016-02-29,107.60,108.9101,106.75,106.92,32778992,-1.00,-0.93%,106.92,3530147048.38,131445
2016-02-26,108.70,109.45,107.16,107.92,26686193,-0.15,-0.14%,107.92,2887888032.64,150504
2016-02-25,107.11,108.07,105.61,108.07,29906278,1.19,1.11%,108.07,3200874795.97,164555
2016-02-24,104.21,106.95,102.74,106.88,34412437,1.42,1.35%,106.88,3604394474.73,192559
2016-02-23,106.85,107.47,105.12,105.46,25319315,-1.70,-1.59%,105.46,2685011141.68,144569
2016-02-22,105.49,108.25,105.34,107.16,35709714,2.59,2.48%,107.16,3823011739.83,199025
2016-02-19,102.55,105.02,102.06,104.57,32404516,1.10,1.06%,104.57,3371101877.45,170539
2016-02-18,105.80,106.00,103.03,103.47,29593508,-1.73,-1.64%,103.47,3079705495.90,162745
2016-02-17,101.94,105.72,100.40,105.20,44073369,3.59,3.53%,105.20,4578867146.65,231939
2016-02-16,103.80,103.93,100.24,101.61,45687224,-0.40,-0.39%,101.61,4647913344.60,273204
2016-02-12,103.74,104.24,101.09,102.01,36176760,0.10,0.10%,102.01,3711182071.57,202716
2016-02-11,99.60,105.11,98.88,101.91,43670634,0.91,0.90%,101.91,4392845406.88,244500
2016-02-10,101.55,103.25,100.24,101.00,45179370,1.46,1.47%,101.00,4607190246.00,245525
2016-02-09,97.14,102.40,96.82,99.54,62709018,-0.21,-0.21%,99.54,6268120216.09,348770
2016-02-08,100.41,102.68,97.46,99.75,71229746,-4.32,-4.15%,99.75,7094886787.95,433773
2016-02-05,109.51,109.58,103.18,104.07,76894741,-6.42,-5.81%,104.07,8087328489.57,428272
2016-02-04,111.80,111.94,109.25,110.49,38890199,-2.20,-1.95%,110.49,4295429013.10,225989
2016-02-03,115.27,115.3407,109.75,112.69,56919324,-1.92,-1.68%,112.69,6373838537.61,309550
2016-02-02,114.80,117.59,113.20,114.61,59778571,-0.48,-0.42%,114.61,6894706210.21,300956
2016-02-01,112.27,115.72,112.01,115.09,46132726,2.88,2.57%,115.09,5283247200.11,252336
2016-01-29,108.99,112.84,108.84,112.21,62739548,3.10,2.84%,112.21,7005915649.59,333222
2016-01-28,107.20,110.34,104.81,109.11,107475327,14.66,15.52%,109.11,11594351866.60,603177
2016-01-27,97.79,97.85,94.23,94.45,58699359,-2.89,-2.97%,94.45,5632457018.58,305030
2016-01-26,97.76,97.88,95.66,97.34,26877080,0.33,0.34%,97.34,2603554814.31,153978
2016-01-25,98.72,99.48,96.93,97.01,32482015,-0.93,-0.95%,97.01,3191764778.51,167772
2016-01-22,96.41,98.07,95.49,97.94,30495387,3.78,4.01%,97.94,2960383087.96,166804
2016-01-21,94.91,95.99,92.62,94.16,30518939,-0.19,-0.20%,94.16,2893914992.74,179888
2016-01-20,92.83,95.00,89.37,94.35,59051429,-0.91,-0.96%,94.35,5430308292.61,336814
2016-01-19,96.53,97.42,93.92,95.26,30998256,0.29,0.31%,95.26,2967228607.07,170891
2016-01-15,93.98,96.38,93.54,94.97,46132781,-3.40,-3.46%,94.97,4378501780.50,271962
2016-01-14,95.85,98.87,92.45,98.37,48658623,2.93,3.07%,98.37,4675223362.17,272685
2016-01-13,100.58,100.58,95.21,95.44,33410553,-3.93,-3.95%,95.44,3258934299.00,197259
2016-01-12,99.00,99.96,97.55,99.37,28395390,1.86,1.91%,99.37,2812844465.47,168263
2016-01-11,97.91,98.60,95.39,97.51,29932385,0.18,0.18%,97.51,2899554205.75,178523
2016-01-08,99.88,100.50,97.0311,97.33,35402298,-0.59,-0.60%,97.33,3502307141.60,204304
2016-01-07,100.50,101.43,97.30,97.92,45172906,-5.05,-4.90%,97.92,4489214012.70,271752
2016-01-06,101.13,103.77,100.90,102.97,25096183,0.24,0.23%,102.97,2576852128.68,152001
2016-01-05,102.89,103.7099,101.665,102.73,23258238,0.51,0.50%,102.73,2389073275.78,143230
2016-01-04,101.95,102.24,99.75,102.22,37912403,-2.44,-2.33%,102.22,3839171358.79,234429
2015-12-31,106.00,106.17,104.62,104.66,18391064,-1.56,-1.47%,104.66,1936275844.12,103901
2015-12-30,107.00,107.25,106.06,106.22,13115007,-1.04,-0.97%,106.22,1397731097.24,86241
2015-12-29,106.42,107.74,106.25,107.26,17179901,1.33,1.26%,107.26,1840534728.97,103856
2015-12-28,105.02,105.98,104.53,105.93,13069733,0.91,0.87%,105.93,1376130393.71,77948
2015-12-24,104.74,105.32,104.50,105.02,6512134,0.39,0.37%,105.02,683622728.01,41416
2015-12-23,105.89,106.11,103.86,104.63,19599673,-0.88,-0.83%,104.63,2052625734.09,120995
2015-12-22,105.22,105.6601,104.81,105.51,14597122,0.74,0.71%,105.51,1535970528.54,92087
2015-12-21,104.91,105.15,103.60,104.77,16138786,0.73,0.70%,104.77,1684465453.88,90360
2015-12-18,106.08,106.59,103.97,104.04,35994199,-2.18,-2.05%,104.04,3782760671.91,144809
2015-12-17,107.49,107.75,106.13,106.22,21675686,-0.57,-0.53%,106.22,2318572439.92,134491
2015-12-16,105.37,107.09,104.19,106.79,22680547,2.24,2.14%,106.79,2397104744.38,128022
2015-12-15,105.30,105.80,104.28,104.55,21764331,-0.11,-0.11%,104.55,2289093460.64,127502
2015-12-14,102.285,104.74,101.46,104.66,24813496,2.54,2.49%,104.66,2558899839.39,157765
2015-12-11,104.15,104.34,101.91,102.12,26427727,-3.30,-3.13%,102.12,2724270022.40,159662
2015-12-10,105.05,106.40,104.41,105.42,17454312,0.82,0.78%,105.42,1843241394.32,103894
2015-12-09,106.18,106.44,103.55,104.60,23517268,-1.89,-1.77%,104.60,2466455062.90,146895
2015-12-08,104.00,106.91,103.95,106.49,20401791,0.88,0.83%,106.49,2163579230.85,117781
2015-12-07,106.48,106.83,104.66,105.61,15474890,-0.57,-0.54%,105.61,1631741605.31,97961
2015-12-04,104.81,107.73,104.11,106.18,21224721,1.80,1.72%,106.18,2239551290.46,125173
2015-12-03,106.27,106.85,103.35,104.38,23236485,-1.69,-1.59%,104.38,2437057720.22,140423
2015-12-02,107.00,107.92,105.79,106.07,24429063,-1.05,-0.98%,106.07,2609375609.19,123564
2015-12-01,104.83,107.15,104.50,107.12,22781868,2.88,2.76%,107.12,2417597958.00,130474
2015-11-30,105.84,106.0999,103.75,104.24,20383179,-1.21,-1.15%,104.24,2130478018.25,111004
2015-11-27,105.78,105.96,104.86,105.45,5913066,0.04,0.04%,105.45,622884240.97,38501
2015-11-25,106.33,106.60,105.10,105.41,15150785,-0.33,-0.31%,105.41,1602084382.74,87757
2015-11-24,106.00,106.49,104.39,105.74,23577293,-1.21,-1.13%,105.74,2489471314.89,143214
2015-11-23,107.19,107.468,106.08,106.95,19897220,-0.37,-0.34%,106.95,2125620788.59,105145
2015-11-20,106.84,107.87,106.62,107.32,22129648,1.06,1.00%,107.32,2374267383.81,118910
2015-11-19,107.36,107.73,105.95,106.26,25520599,-1.51,-1.40%,106.26,2724804572.69,145759
2015-11-18,105.80,107.88,105.39,107.77,23836526,2.64,2.51%,107.77,2543024399.44,134600
2015-11-17,104.62,106.20,104.14,105.13,26807230,1.09,1.05%,105.13,2819292654.70,151007
2015-11-16,103.32,104.17,100.47,104.04,49309167,0.09,0.09%,104.04,5049777482.55,313575
2015-11-13,107.71,108.25,103.83,103.95,30278403,-4.07,-3.77%,103.95,3202700348.21,172625
2015-11-12,108.48,109.39,108.00,108.02,20924674,-0.99,-0.91%,108.02,2274028222.56,120258
2015-11-11,108.27,109.87,107.11,109.01,25057099,1.10,1.02%,109.01,2725172526.65,141662
2015-11-10,105.96,108.15,105.24,107.91,25031681,1.42,1.33%,107.91,2683621688.58,130880
2015-11-09,107.00,108.25,105.86,106.49,26383540,-0.605,-0.56%,106.49,2816431761.15,143782
2015-11-06,108.04,108.74,105.91,107.095,35084342,-1.665,-1.53%,107.095,3761923307.34,198987
2015-11-05,108.80,110.65,107.95,108.76,63232861,4.82,4.64%,108.76,6904364476.16,318457
2015-11-04,103.19,104.14,102.48,103.94,43469308,1.36,1.33%,103.94,4498307318.39,236573
2015-11-03,103.22,103.65,102.40,102.58,21242341,-0.73,-0.71%,102.58,2185412615.62,130943
2015-11-02,102.46,103.47,101.18,103.31,24003944,1.34,1.31%,103.31,2465819357.73,138845
2015-10-30,104.51,104.72,101.65,101.97,33487104,-2.91,-2.77%,101.97,3444886400.79,177401
2015-10-29,103.96,105.12,103.52,104.88,20316691,0.68,0.65%,104.88,2122265837.06,117735
2015-10-28,103.90,104.48,102.92,104.20,24081515,0.50,0.48%,104.20,2500812112.60,129605
2015-10-27,102.94,104.10,102.40,103.70,23795472,-0.07,-0.07%,103.70,2461631846.05,125277
2015-10-26,102.20,103.81,101.55,103.77,25961212,1.58,1.55%,103.77,2674166963.77,140015
2015-10-23,101.91,102.85,100.16,102.19,42809661,2.52,2.53%,102.19,4351991908.23,235529
2015-10-22,97.79,99.73,97.55,99.67,26392075,2.56,2.64%,99.67,2604283236.64,148996
2015-10-21,97.37,98.18,96.47,97.11,22003730,0.11,0.11%,97.11,2139565802.16,120421
2015-10-20,98.73,99.59,96.56,97.00,30881777,-1.47,-1.49%,97.00,3020312709.79,163135
2015-10-19,97.18,98.57,96.92,98.47,23729924,0.93,0.95%,98.47,2324845997.84,116648
2015-10-16,96.18,97.59,95.35,97.54,25412856,1.58,1.65%,97.54,2456455606.12,129626
2015-10-15,94.99,96.30,94.90,95.96,27557516,1.89,2.01%,95.96,2640946574.98,154690
2015-10-14,94.08,95.20,93.61,94.07,19253351,-0.05,-0.05%,94.07,1816128379.58,112936
2015-10-13,93.66,95.37,93.55,94.12,19480347,-0.14,-0.15%,94.12,1843524391.58,106686
2015-10-12,93.32,94.60,92.67,94.26,18449562,1.02,1.09%,94.26,1732866716.30,105512
2015-10-09,92.90,93.74,92.239,93.24,20012911,0.77,0.83%,93.24,1864429886.24,117957
2015-10-08,91.89,93.22,90.47,92.47,27290523,0.07,0.08%,92.47,2502519481.46,155070
2015-10-07,93.11,93.66,91.37,92.40,24129277,-0.40,-0.43%,92.40,2225672349.32,149927
2015-10-06,94.08,94.17,92.34,92.80,22488275,-1.21,-1.29%,92.80,2091847826.50,127787
2015-10-05,92.94,94.27,92.66,94.01,27292517,1.94,2.11%,94.01,2555657863.96,144280
2015-10-02,88.90,92.20,88.37,92.07,37881652,1.12,1.23%,92.07,3437259502.38,206193
2015-10-01,90.05,90.95,88.36,90.95,29283652,1.05,1.17%,90.95,2623947317.75,168540
2015-09-30,88.44,90.02,88.01,89.90,36169146,3.23,3.73%,89.90,3225619887.58,201238
2015-09-29,89.10,90.06,85.72,86.67,42281838,-2.54,-2.85%,86.67,3711202667.45,246477
2015-09-28,92.08,92.29,88.18,89.21,41199870,-3.56,-3.84%,89.21,3688357056.34,237159
2015-09-25,95.79,95.85,92.06,92.77,28961622,-1.64,-1.74%,92.77,2725754912.31,167530
2015-09-24,93.06,94.765,92.24,94.41,29105964,0.44,0.47%,94.41,2717919109.58,159249
2015-09-23,93.40,94.32,92.80,93.97,21701427,1.01,1.09%,93.97,2034064921.96,121389
2015-09-22,93.77,94.68,91.92,92.96,36888893,-2.59,-2.71%,92.96,3430499388.98,189461
2015-09-21,94.62,96.49,94.52,95.55,28789973,1.15,1.22%,95.55,2749700581.19,150932
2015-09-18,93.20,95.19,93.05,94.40,62299984,0.06,0.06%,94.40,5868543050.93,178295
2015-09-17,93.37,95.51,92.90,94.34,27841803,0.89,0.95%,94.34,2620122615.03,152385
2015-09-16,92.90,93.60,92.63,93.45,16321193,0.55,0.59%,93.45,1520104047.27,100430
2015-09-15,92.37,93.25,91.79,92.90,18859351,0.59,0.64%,92.90,1749615128.15,115495
2015-09-14,92.31,92.62,91.60,92.31,20127871,0.26,0.28%,92.31,1855566367.34,113399
2015-09-11,91.68,92.08,91.13,92.05,21185049,0.07,0.08%,92.05,1941746109.01,124585
2015-09-10,90.07,92.06,89.63,91.98,26437398,1.54,1.70%,91.98,2405851598.44,154270
2015-09-09,90.78,91.98,90.17,90.44,32551123,0.91,1.02%,90.44,2970735435.87,188991
2015-09-08,89.69,90.24,88.83,89.53,27012543,1.27,1.44%,89.53,2418512202.58,152045
2015-09-04,87.20,88.39,86.70,88.26,27328667,0.11,0.12%,88.26,2389574370.04,148977
2015-09-03,89.76,89.82,87.73,88.15,27048198,-1.74,-1.94%,88.15,2403127959.21,149553
2015-09-02,88.82,89.89,87.63,89.89,27190527,2.66,3.05%,89.89,2413293048.64,145066
2015-09-01,86.99,89.39,86.50,87.23,36097370,-2.20,-2.46%,87.23,3173263917.97,208200
2015-08-31,90.59,91.05,88.89,89.43,32850666,-1.58,-1.74%,89.43,2951692686.77,153054
2015-08-28,89.94,91.48,89.792,91.01,33215885,1.28,1.43%,91.01,3015198002.13,169263
2015-08-27,89.19,90.06,87.19,89.73,42431375,2.54,2.91%,89.73,3777932761.21,224410
2015-08-26,85.95,87.46,83.26,87.19,45124302,4.19,5.05%,87.19,3858391031.05,231636
2015-08-25,86.95,87.67,83.00,83.00,52021230,0.91,1.11%,83.00,4456634324.12,286727
2015-08-24,77.03,87.14,72.00,82.09,83710727,-3.97,-4.61%,82.09,6899633500.18,391952
2015-08-21,87.52,89.18,85.61,86.06,62778680,-4.50,-4.97%,86.06,5480532056.66,328338
2015-08-20,93.54,94.77,90.46,90.56,44598224,-4.75,-4.98%,90.56,4109434624.62,241599
2015-08-19,94.63,96.10,94.161,95.31,23251271,0.14,0.15%,95.31,2211869182.41,127394
2015-08-18,94.08,95.85,94.04,95.17,22278848,1.24,1.32%,95.17,2120705784.88,120988
2015-08-17,94.42,94.46,93.39,93.93,18313531,-0.49,-0.52%,93.93,1717825543.47,116686
2015-08-14,93.54,94.72,93.21,94.42,15929656,0.99,1.06%,94.42,1501879046.44,87907
2015-08-13,94.05,94.73,93.35,93.43,17451768,-0.76,-0.81%,93.43,1640114469.07,95663
2015-08-12,92.70,94.44,91.19,94.19,27120375,0.57,0.61%,94.19,2514791582.15,150049
2015-08-11,93.73,94.76,92.9006,93.62,22491031,-0.53,-0.56%,93.62,2106701721.99,120152
2015-08-10,95.68,95.90,93.63,94.15,21624153,-0.15,-0.16%,94.15,2041515633.66,109435
2015-08-07,95.38,95.40,93.61,94.30,23199145,-0.82,-0.86%,94.30,2189021629.63,115817
2015-08-06,97.18,98.74,94.42,95.12,42271318,-1.32,-1.37%,95.12,4066838623.97,202888
2015-08-05,95.25,97.09,95.18,96.44,29813174,2.38,2.53%,96.44,2870352050.86,147191
2015-08-04,93.79,94.73,93.33,94.06,20136036,-0.08,-0.08%,94.06,1894622099.06,101051
2015-08-03,93.53,95.08,92.80,94.14,29343117,0.13,0.14%,94.14,2756400567.02,144660
2015-07-31,94.95,96.33,93.95,94.01,46509045,-1.20,-1.26%,94.01,4425213871.07,202355
2015-07-30,94.91,95.81,91.80,95.21,86211323,-1.78,-1.84%,95.21,8109929242.36,386137
2015-07-29,96.32,97.28,94.74,96.99,64648320,1.70,1.78%,96.99,6208003360.54,325439
2015-07-28,94.84,95.56,93.31,95.29,35235993,1.12,1.19%,95.29,3331842348.16,175523
2015-07-27,96.58,96.61,93.8301,94.17,38585381,-2.78,-2.87%,94.17,3652459445.06,202458
2015-07-24,97.35,97.76,95.88,96.95,33444930,1.51,1.58%,96.95,3240399100.20,162689
2015-07-23,96.96,97.45,94.81,95.44,29418833,-1.60,-1.65%,95.44,2822694486.72,140007
2015-07-22,96.74,97.58,95.92,97.04,28299518,-1.35,-1.37%,97.04,2739647556.97,146462
2015-07-21,98.95,99.24,97.1427,98.39,39453332,0.48,0.49%,98.39,3870366345.73,186867
2015-07-20,95.85,98.60,95.36,97.91,54860541,2.94,3.10%,97.91,5334037351.29,228315
2015-07-17,92.55,95.39,92.54,94.97,54001635,4.12,4.53%,94.97,5096994378.99,250379
2015-07-16,90.28,90.86,89.77,90.85,21804086,1.09,1.21%,90.85,1969710571.22,111942
2015-07-15,90.00,90.99,89.42,89.76,30886601,0.08,0.09%,89.76,2786814120.22,155520
2015-07-14,90.46,90.80,89.65,89.68,26627849,-0.42,-0.47%,89.68,2398485524.88,129488
2015-07-13,88.66,90.22,88.42,90.10,29976670,2.15,2.44%,90.10,2691969955.42,142135
2015-07-10,87.35,88.22,86.77,87.95,23245873,2.07,2.41%,87.95,2037567553.84,114853
2015-07-09,86.73,87.60,85.6499,85.88,23307402,0.23,0.27%,85.88,2019489331.28,118419
2015-07-08,86.29,86.75,85.445,85.65,24399340,-1.57,-1.80%,85.65,2098809852.98,128779
2015-07-07,87.80,87.85,85.231,87.22,33059921,-0.33,-0.38%,87.22,2857895252.91,167363
2015-07-06,86.49,88.1846,86.39,87.55,24635915,0.265,0.30%,87.55,2153583960.81,119299
2015-07-02,87.40,87.44,86.3401,87.285,16908781,0.375,0.43%,87.285,1469434955.04,80447
2015-07-01,86.77,87.95,86.49,86.91,25260045,1.145,1.34%,86.91,2203595718.02,121497
2015-06-30,86.60,86.70,85.57,85.765,23233183,-0.035,-0.04%,85.765,2000878149.59,115528
2015-06-29,86.61,87.50,85.73,85.80,35957872,-2.21,-2.51%,85.80,3110045323.90,157936
2015-06-26,88.12,88.34,86.8283,88.01,38214647,0.03,0.03%,88.01,3351296522.83,138820
2015-06-25,89.26,89.40,87.835,87.98,27301967,-0.88,-0.99%,87.98,2411494505.15,125345
2015-06-24,87.66,89.25,87.45,88.86,41370227,0.98,1.12%,88.86,3669350983.11,197689
2015-06-23,84.96,87.97,84.76,87.88,50667853,3.14,3.71%,87.88,4397572708.44,225558
2015-06-22,83.41,84.97,83.31,84.74,29383079,2.23,2.70%,84.74,2477668547.79,133583
2015-06-19,82.83,82.98,82.12,82.51,23353194,-0.395,-0.48%,82.51,1928484621.69,85313
2015-06-18,81.64,83.19,81.57,82.905,26782573,1.115,1.36%,82.905,2218465415.76,138087
2015-06-17,81.76,82.22,81.34,81.79,18350287,0.73,0.90%,81.79,1502343960.53,95410
2015-06-16,80.82,81.51,80.45,81.06,13693666,0.35,0.43%,81.06,1110211465.01,72471
2015-06-15,80.55,80.93,80.07,80.71,18805087,-0.82,-1.01%,80.71,1513730973.46,94426
2015-06-12,81.37,82.09,81.20,81.53,11417882,-0.30,-0.37%,81.53,931752378.53,60487
2015-06-11,82.31,82.90,81.36,81.83,18656811,-0.33,-0.40%,81.83,1530163634.14,82245
2015-06-10,80.83,82.60,80.81,82.16,21531208,1.49,1.85%,82.16,1767424993.55,104104
2015-06-09,80.60,81.19,79.32,80.67,16497538,0.00,0.00%,80.67,1325090698.90,89627
2015-06-08,81.82,82.00,80.13,80.67,16915471,-1.47,-1.79%,80.67,1369704620.37,94749
2015-06-05,81.87,82.46,81.51,82.14,16143093,0.09,0.11%,82.14,1325178787.97,82458
2015-06-04,82.14,82.95,81.51,82.05,20863877,-0.39,-0.47%,82.05,1714972884.05,107326
2015-06-03,81.35,82.53,81.25,82.44,31774993,1.995,2.48%,82.44,2611345693.12,155272
2015-06-02,79.76,81.35,79.56,80.445,18923300,0.155,0.19%,80.445,1525460198.24,99511
2015-06-01,79.30,80.38,78.66,80.29,18119012,1.10,1.39%,80.29,1445038642.57,89930
2015-05-29,79.95,80.07,78.88,79.19,16134580,-0.955,-1.19%,79.19,1279481019.62,76045
2015-05-28,80.25,81.0745,80.00,80.145,11982008,-0.405,-0.50%,80.145,963124610.81,61402
2015-05-27,79.60,80.66,79.43,80.55,14160865,1.215,1.53%,80.55,1134590084.96,75055
2015-05-26,80.43,80.60,79.08,79.335,16321339,-1.205,-1.50%,79.335,1298590036.92,88624
2015-05-22,80.35,81.31,80.25,80.54,19567937,0.06,0.07%,80.54,1582957069.19,93234
2015-05-21,80.19,80.92,80.08,80.48,13402749,-0.07,-0.09%,80.48,1078871690.93,69265
2015-05-20,80.47,81.10,79.46,80.55,23056899,-0.08,-0.10%,80.55,1849371042.46,102508
2015-05-19,81.25,81.69,80.55,80.63,17955389,-0.25,-0.31%,80.63,1455642470.51,81702
2015-05-18,80.33,81.38,80.23,80.88,21613674,0.46,0.57%,80.88,1748686520.96,101863
2015-05-15,81.41,81.52,80.18,80.42,27069884,-0.95,-1.17%,80.42,2184664295.62,141349
2015-05-14,78.94,81.845,78.67,81.37,49437996,2.93,3.74%,81.37,3985444690.23,236791
2015-05-13,77.72,78.53,77.65,78.44,21512309,0.98,1.27%,78.44,1678209709.32,105791
2015-05-12,77.87,77.89,76.79,77.46,21285310,-0.55,-0.71%,77.46,1647419734.06,108129
2015-05-11,78.48,79.03,77.93,78.01,18874054,-0.50,-0.64%,78.01,1479067544.34,80255
2015-05-08,79.10,79.23,78.03,78.51,19943595,0.085,0.11%,78.51,1567171643.93,97130
2015-05-07,78.00,78.94,77.56,78.425,19749428,0.325,0.42%,78.425,1547594920.72,99717
2015-05-06,77.97,78.81,77.05,78.10,28663026,0.54,0.70%,78.10,2235356822.96,148150
2015-05-05,78.55,78.80,77.22,77.56,22311318,-1.25,-1.59%,77.56,1734925968.10,124515
2015-05-04,79.33,79.69,78.6301,78.81,14691991,-0.18,-0.23%,78.81,1160450156.07,77316
2015-05-01,79.24,79.76,78.11,78.99,24136358,0.22,0.28%,78.99,1904330092.89,120007
2015-04-30,80.01,80.96,78.32,78.77,28999005,-1.695,-2.11%,78.77,2300736050.24,149122
2015-04-29,80.01,81.39,79.52,80.465,26430258,-0.215,-0.27%,80.465,2130130256.75,118643
2015-04-28,81.83,81.90,80.23,80.68,23775344,-1.23,-1.50%,80.68,1927686489.40,132275
2015-04-27,81.87,82.93,81.63,81.91,25446032,0.38,0.47%,81.91,2094253473.08,119709
2015-04-24,82.77,82.94,81.48,81.53,29660356,-0.88,-1.07%,81.53,2438062577.18,137671
2015-04-23,84.10,85.59,82.41,82.41,73728080,-2.22,-2.62%,82.41,6188577773.21,340738
2015-04-22,84.32,84.74,83.65,84.63,45547963,1.01,1.21%,84.63,3836178116.86,214944
2015-04-21,84.00,84.49,83.54,83.62,27171852,0.53,0.64%,83.62,2282561400.85,122953
2015-04-20,81.54,83.15,81.24,83.09,28796761,2.315,2.87%,83.09,2376822192.77,117637
2015-04-17,81.48,82.11,80.37,80.775,24214983,-1.535,-1.86%,80.775,1963449328.19,125230
2015-04-16,82.47,83.07,82.15,82.31,13769687,-0.395,-0.48%,82.31,1135312552.06,70723
2015-04-15,83.55,83.66,82.27,82.705,22390943,-0.81,-0.97%,82.705,1853403544.76,113990
2015-04-14,83.17,83.69,82.44,83.515,19634173,0.505,0.61%,83.515,1631599717.40,96313
2015-04-13,81.93,83.94,81.92,83.01,26883094,0.97,1.18%,83.01,2238536661.16,123721
2015-04-10,82.21,82.61,81.91,82.04,12529738,-0.13,-0.16%,82.04,1029176140.07,68500
2015-04-09,82.50,82.80,81.71,82.17,15927281,-0.105,-0.13%,82.17,1307212698.32,83881
2015-04-08,82.63,83.10,81.84,82.275,18966732,-0.045,-0.05%,82.275,1562999734.45,95234
2015-04-07,82.65,83.42,82.22,82.32,17467042,-0.12,-0.15%,82.32,1448421654.75,93139
2015-04-06,80.80,82.81,80.80,82.44,19062934,0.885,1.09%,82.44,1567211499.60,88616
2015-04-02,82.25,82.56,81.44,81.555,19664053,-0.11,-0.13%,81.555,1612299438.32,103678
2015-04-01,82.50,82.72,80.87,81.665,22058167,-0.55,-0.67%,81.665,1797465015.76,120338
2015-03-31,82.90,83.50,82.21,82.215,19734277,-0.98,-1.18%,82.215,1634483105.46,94072
2015-03-30,83.81,84.34,82.41,83.195,24527686,-0.105,-0.13%,83.195,2041412570.60,128393
2015-03-27,83.38,83.95,82.88,83.30,18372582,0.29,0.35%,83.30,1531776856.52,102309
2015-03-26,82.72,83.77,82.14,83.01,32794800,0.09,0.11%,83.01,2718782450.77,168089
2015-03-25,85.50,85.52,82.92,82.92,37436147,-2.39,-2.80%,82.92,3142144186.26,196904
2015-03-24,84.71,86.0699,84.52,85.31,32576522,0.88,1.04%,85.31,2783644877.94,156226
2015-03-23,83.92,84.96,83.30,84.43,27357333,0.63,0.75%,84.43,2304336446.07,130044
2015-03-20,83.39,84.60,83.07,83.80,44466323,1.05,1.27%,83.80,3728385215.38,185559
2015-03-19,81.12,83.00,81.00,82.75,42099523,1.84,2.27%,82.75,3473710789.83,206824
2015-03-18,79.25,81.24,79.17,80.91,36912446,1.545,1.95%,80.91,2968122363.46,195271
2015-03-17,78.36,79.78,78.34,79.365,22169969,1.295,1.66%,79.365,1756293704.01,115303
2015-03-16,77.96,78.12,77.36,78.07,19305406,0.02,0.03%,78.07,1501550597.89,101887
2015-03-13,78.60,79.38,77.68,78.05,18557296,-0.88,-1.11%,78.05,1452969656.11,93104
2015-03-12,78.10,79.05,77.91,78.93,16093319,1.36,1.75%,78.93,1265675359.19,85024
2015-03-11,77.80,78.43,77.26,77.57,20215704,0.02,0.03%,77.57,1573512184.80,92475
2015-03-10,78.50,79.26,77.55,77.55,23067057,-1.89,-2.38%,77.55,1800608033.71,118280
2015-03-09,79.68,79.91,78.63,79.44,18925097,-0.565,-0.71%,79.44,1498257669.75,98426
2015-03-06,80.90,81.33,79.83,80.005,24488581,-1.205,-1.48%,80.005,1969048042.93,123164
2015-03-05,81.23,81.99,81.05,81.21,27825733,0.315,0.39%,81.21,2267457487.30,133048
2015-03-04,79.30,81.15,78.85,80.895,28126686,1.295,1.63%,80.895,2256753651.75,142945
2015-03-03,79.61,79.70,78.52,79.60,18634973,-0.15,-0.19%,79.60,1473943159.15,87543
2015-03-02,79.00,79.855,78.52,79.75,21662537,0.78,0.99%,79.75,1720159393.45,102399
2015-02-27,80.68,81.23,78.62,78.97,30739197,-1.44,-1.79%,78.97,2441087056.05,136916
2015-02-26,79.88,81.37,79.72,80.41,31111891,0.85,1.07%,80.41,2508959025.98,154312
2015-02-25,78.50,80.20,78.50,79.56,25593800,1.11,1.41%,79.56,2036791638.23,129500
2015-02-24,78.50,79.48,78.10,78.45,18897133,-0.39,-0.49%,78.45,1485799119.60,99073
2015-02-23,79.96,80.19,78.38,78.84,24139056,-1.055,-1.32%,78.84,1910280863.79,114504
2015-02-20,79.55,80.34,79.20,79.895,36931698,0.475,0.60%,79.895,2950697307.04,167044
2015-02-19,76.986,79.84,76.95,79.42,45851177,2.71,3.53%,79.42,3609470128.92,220325
2015-02-18,75.94,76.90,75.45,76.71,22426421,1.11,1.47%,76.71,1714170127.36,113042
2015-02-17,75.30,76.91,75.08,75.60,25254400,-0.14,-0.18%,75.60,1920974142.94,144235
2015-02-13,76.46,76.48,75.50,75.74,18621860,-0.49,-0.64%,75.74,1411380731.97,99146
2015-02-12,76.86,76.87,75.89,76.23,17234976,-0.28,-0.37%,76.23,1314539919.35,93235
2015-02-11,75.09,76.75,75.03,76.51,20877427,1.32,1.76%,76.51,1593394811.95,111225
2015-02-10,74.85,75.34,74.50,75.19,15811344,0.75,1.01%,75.19,1186224153.27,85296
2015-02-09,74.05,74.83,73.45,74.44,16194322,-0.03,-0.04%,74.44,1203914658.60,94300
2015-02-06,75.68,75.70,74.25,74.47,21210994,-1.145,-1.51%,74.47,1588982863.02,121384
2015-02-05,75.71,75.98,75.21,75.615,15062573,-0.015,-0.02%,75.615,1138937342.99,87158
2015-02-04,75.09,76.35,75.01,75.63,20277368,0.23,0.31%,75.63,1538836946.38,112102
2015-02-03,75.19,75.58,73.86,75.40,26957714,0.41,0.55%,75.40,2016662184.99,140185
2015-02-02,76.11,76.14,73.75,74.99,41955258,-0.92,-1.21%,74.99,3130289519.15,192874
